,carpark_number,update_datetime,total_lots,lot_type,lots_available
0,HE12,2022-01-27T15:39:54,105,C,0
1,HLM,2022-01-27T15:39:33,583,C,81
2,RHM,2022-01-27T15:39:54,329,C,192
3,BM29,2022-01-27T15:39:52,97,C,0
4,Q81,2022-01-27T15:39:42,96,C,18
5,C20,2022-01-27T15:39:48,177,C,7
6,FR3M,2022-01-27T15:39:41,228,C,130
7,C32,2022-01-27T15:39:27,289,C,179
8,C6,2022-01-27T15:39:48,332,C,167
9,TG2,2022-01-27T15:39:55,273,C,10
10,BP1,2022-01-27T15:39:48,543,C,317
11,TG1,2022-01-27T15:39:49,133,C,88
12,TGM2,2022-01-27T15:39:55,189,C,133
13,TE14,2022-01-27T15:39:28,138,C,62
14,BM3,2022-01-27T15:39:28,48,C,17
15,BM9,2018-12-17T07:42:34,612,C,121
16,HG44,2022-01-27T15:39:01,143,C,1
17,HG64,2022-01-27T15:38:49,81,C,4
18,PM27,2022-01-27T15:38:57,308,C,207
19,PM28,2022-01-27T15:38:38,302,C,164
20,TM36,2022-01-27T15:39:01,221,C,134
21,TM37,2022-01-27T15:38:46,238,C,145
22,T50,2022-01-27T15:38:43,362,C,218
23,T51,2022-01-27T15:38:41,351,C,206
24,TM43,2022-01-27T15:38:44,249,C,152
25,T15,2022-01-27T15:38:40,30,C,0
26,T16,2022-01-27T15:38:35,107,C,59
27,T17,2022-01-27T15:38:42,245,C,111
28,T18,2022-01-27T15:38:36,84,C,5
29,B9,2022-01-27T15:38:49,197,C,153
30,B10,2022-01-27T15:38:53,511,C,300
31,B14,2018-10-29T09:18:49,208,C,61
32,WCB,2022-01-27T15:38:57,143,C,13
33,ACB,2022-01-27T15:39:24,96,C,7
34,CY,2022-01-27T15:39:24,30,C,0
35,AM46,2022-01-27T15:39:41,408,C,220
36,A12,2022-01-27T15:39:30,205,C,145
37,BE45,2022-01-27T15:39:44,363,C,200
38,BE39,2022-01-27T15:39:55,707,C,419
39,BE40,2019-06-18T10:58:35,339,C,201
40,RCB,2017-03-31T12:00:21,320,C,181
41,CR29,2022-01-27T15:39:42,56,C,0
42,KLM,2022-01-27T15:38:42,352,C,190
43,SE34,2022-01-27T15:39:26,270,C,132
44,KB7,2022-01-27T15:39:08,65,C,10
45,SE31,2022-01-27T15:39:49,181,C,84
46,J56,2022-01-27T15:38:11,15,C,0
47,J57,2022-01-27T15:38:59,362,C,100
48,J57L,2022-01-27T15:38:59,13,C,1
49,J33,2022-01-27T15:38:47,129,C,90
50,J34,2022-01-27T15:39:52,123,C,80
51,BL8,2022-01-27T15:39:41,679,C,313
52,J36,2022-01-27T15:39:16,482,C,300
53,J54,2022-01-27T15:38:59,226,C,76
54,J55,2022-01-27T15:38:56,141,C,85
55,J43,2022-01-27T15:39:43,190,C,112
56,J46,2022-01-27T15:39:21,63,C,0
57,KB1,2022-01-27T15:39:58,239,C,87
58,GBM,2022-01-27T15:39:58,677,C,462
59,SE14,2022-01-27T15:39:53,187,C,110
60,SE50,2022-01-27T15:39:53,591,C,450
61,J40,2022-01-27T15:39:25,206,C,97
62,JM1,2022-01-27T15:38:56,341,C,252
63,J32,2022-01-27T15:39:30,199,C,128
64,A11,2022-01-27T15:39:28,368,C,210
65,TR1,2022-01-27T15:39:34,391,C,175
66,JBM,2022-01-27T15:39:39,342,C,257
67,TE2,2022-01-27T15:39:32,213,C,167
68,CR31,2022-01-27T15:39:31,92,C,17
69,J1,2022-01-27T15:39:07,368,C,221
70,J2,2022-01-27T15:38:31,200,C,142
71,J3,2022-01-27T15:39:12,308,C,209
72,T37,2022-01-27T15:38:46,1174,C,708
73,KB3,2022-01-27T15:39:58,149,C,70
74,KBM,2022-01-27T15:38:57,239,C,180
75,J4,2022-01-27T15:39:16,172,C,74
76,TGM1,2022-01-27T15:39:46,388,C,296
77,TG3,2022-01-27T15:39:45,208,C,132
78,TG6,2022-01-27T15:39:45,176,C,118
79,TG7,2022-01-27T15:39:45,362,C,192
80,CR30,2022-01-27T15:39:21,54,C,5
81,RCM,2022-01-27T15:39:21,151,C,62
82,EPM,2022-01-27T15:39:45,286,C,52
83,TGM3,2022-01-27T15:39:49,553,C,368
84,KB14,2022-01-27T15:39:59,58,C,0
85,J41,2022-01-27T15:39:31,350,C,215
86,JBM2,2022-01-27T15:39:31,144,C,73
87,J39,2022-01-27T15:39:23,250,C,134
88,J52,2022-01-27T15:39:48,626,C,377
89,J51,2022-01-27T15:39:59,655,C,451
90,J53,2022-01-27T15:37:30,215,C,147
91,T19,2022-01-27T15:38:46,866,C,51
92,J49,2022-01-27T15:39:16,922,C,728
93,J27,2022-01-27T15:39:59,291,C,173
94,TB14,2022-01-27T15:39:50,43,C,8
95,U19,2022-01-27T15:38:57,501,C,222
96,U6,2022-01-27T15:38:51,95,C,0
97,U45,2022-01-27T15:38:57,159,C,75
98,BBM7,2022-01-27T15:38:18,175,C,118
99,BE12,2022-01-27T15:39:47,459,C,205
100,HG41,2022-01-27T15:38:52,475,C,272
101,HG43,2022-01-27T15:39:01,513,C,343
102,MN1,2022-01-27T15:39:33,257,C,142
103,MNRM,2022-01-27T15:38:44,355,C,251
104,MN2,2022-01-27T15:39:26,303,C,181
105,C7,2022-01-27T15:39:38,459,C,194
106,C17,2022-01-27T15:31:31,66,C,5
107,C20M,2022-01-27T15:39:30,550,C,414
108,T41,2022-01-27T15:38:49,217,C,0
109,T42,2022-01-27T15:38:43,82,C,3
110,TM42,2022-01-27T15:38:48,259,C,203
111,J48,2022-01-27T15:39:48,745,C,466
112,BH1,2022-01-27T15:34:34,57,C,0
113,BH2,2022-01-27T15:32:28,47,C,23
114,BKE7,2022-01-27T15:38:44,172,C,123
115,BR5,2022-01-27T15:39:37,150,C,77
116,BRM3,2022-01-27T15:39:37,406,C,279
117,BRM4,2022-01-27T15:38:22,176,C,91
118,M16,2022-01-27T15:39:37,124,C,70
119,M20,2022-01-27T15:38:49,36,C,9
120,M35,2022-01-27T15:38:39,91,C,44
121,M36,2022-01-27T15:37:28,17,C,0
122,M37,2022-01-27T15:38:54,35,C,4
123,M38,2022-01-27T15:39:00,39,C,17
124,MM3,2022-01-27T15:39:45,222,C,164
125,MP12,2022-01-27T15:39:50,220,C,57
126,MP13,2022-01-27T15:39:50,396,C,202
127,MP1M,2022-01-27T15:39:49,522,C,328
128,PP1,2022-01-27T15:39:00,257,C,101
129,PP2,2022-01-27T15:38:57,192,C,112
130,PP3,2022-01-27T15:39:45,345,C,170
131,PP4,2022-01-27T15:39:03,166,C,33
132,PP5,2022-01-27T15:39:20,346,C,179
133,TP10,2022-01-27T15:38:57,83,C,47
134,TP14,2022-01-27T15:39:15,53,C,23
135,TP16,2022-01-27T15:39:38,668,C,288
136,TP17,2022-01-27T15:39:32,119,C,0
137,TP18,2022-01-27T15:39:50,383,C,121
138,TP2,2022-01-27T15:39:51,85,C,1
139,TPMG,2022-01-27T15:39:31,116,C,68
140,TP36,2022-01-27T15:39:19,247,C,106
141,TPM4,2022-01-27T15:39:51,343,C,221
142,TPM5,2022-01-27T15:39:29,342,C,239
143,TPM6,2022-01-27T15:39:19,358,C,229
144,TP27,2022-01-27T15:39:31,257,C,132
145,TPMN,2022-01-27T15:39:39,815,C,547
146,TPMP,2022-01-27T15:39:09,808,C,467
147,WDB1,2022-01-27T15:38:14,75,C,32
148,Y23,2022-01-27T15:39:44,823,C,502
149,Y24,2022-01-27T15:39:44,181,C,102
150,Y56,2022-01-27T15:39:33,45,C,11
151,BBM1,2022-01-27T15:39:48,406,C,314
152,BBM8,2022-01-27T15:39:02,329,C,189
153,BJ10,2022-01-27T15:39:51,310,C,187
154,BJ11,2022-01-27T15:39:08,100,C,57
155,BJ12,2022-01-27T15:39:24,550,C,340
156,BJ17,2022-01-27T15:39:49,172,C,119
157,BJ18,2022-01-27T15:39:49,324,C,214
158,BJ28,2022-01-27T15:39:16,669,C,513
159,BJ3,2022-01-27T15:39:59,1054,C,636
160,BJ33,2022-01-27T15:39:15,366,C,296
161,BJ42,2022-01-27T15:39:23,450,C,289
162,BJ45,2022-01-27T15:39:23,232,C,169
163,CK21,2020-03-26T14:26:12,192,C,142
164,U48,2022-01-27T15:37:46,93,C,67
165,U5,2022-01-27T15:38:14,101,C,71
166,JM14,2022-01-27T15:40:28,490,C,381
167,JM12,2022-01-27T15:40:08,462,C,365
168,W39,2022-01-27T15:39:46,205,C,97
169,PL67,2022-01-27T15:39:27,735,C,507
170,W2,2017-12-04T10:54:50,1000,C,19
171,W1,2017-12-04T10:54:50,1000,C,53
172,U9,2022-01-27T15:38:54,400,C,205
173,U26,2022-01-27T15:38:32,595,C,344
174,U25,2022-01-27T15:38:11,625,C,385
175,U24T,2022-01-27T15:38:42,46,C,34
176,U24,2022-01-27T15:38:42,364,C,184
177,U23,2022-01-27T15:38:44,713,C,445
178,U22,2022-01-27T15:38:58,495,C,312
179,U21,2022-01-27T15:38:42,313,C,211
180,U2,2022-01-27T15:38:59,1109,C,656
181,J45,2022-01-27T15:39:47,361,C,234
182,TM25,2022-01-27T15:38:41,123,C,68
183,TM26,2022-01-27T15:38:43,126,C,73
184,TM27,2022-01-27T15:38:59,223,C,175
185,J37,2022-01-27T15:39:04,269,C,153
186,BM1,2022-01-27T15:39:35,60,C,4
187,BM2,2022-01-27T15:39:36,53,C,15
188,BM26,2022-01-27T15:39:35,460,C,311
189,BWM,2022-01-27T15:39:35,220,C,107
190,TBMT,2022-01-27T15:29:01,150,C,24
191,TPM,2022-01-27T15:39:49,384,C,87
192,U29,2022-01-27T15:40:10,338,C,275
193,U27,2022-01-27T15:40:05,20,C,0
194,U18,2022-01-27T15:40:18,312,C,170
195,U30,2022-01-27T15:40:15,143,C,105
196,EPML,2015-12-30T10:38:36,25,C,0
197,TE25,2022-01-27T15:39:52,298,C,110
198,TE3,2022-01-27T15:39:32,19,C,0
199,TE4,2022-01-27T15:39:40,30,C,0
200,U28,2022-01-27T15:40:30,15,C,15
201,A15,2022-01-27T15:39:27,59,C,22
202,BM28,2022-01-27T15:29:01,47,C,3
203,BM30,2022-01-27T15:26:51,46,C,41
204,BTM,2022-01-27T15:26:59,292,C,94
205,BTM2,2022-01-27T15:29:01,496,C,247
206,SAM2,2022-01-27T15:26:57,336,C,109
207,TBM2,2022-01-27T15:26:57,243,C,54
208,TJ34,2022-01-27T15:40:23,350,C,289
209,U31,2022-01-27T15:40:15,348,C,257
210,BL13,2022-01-27T15:40:31,413,C,302
211,HG10,2022-01-27T15:38:56,228,C,57
212,W3,2018-12-20T03:59:43,1000,C,217
213,BJ65,2022-01-27T15:40:24,224,C,136
214,CK19,2022-01-27T15:40:24,70,C,27
215,CK4,2022-01-27T15:40:10,10,C,5
216,CK42,2022-01-27T15:40:05,453,C,267
217,CK7,2022-01-27T15:40:26,298,C,230
218,TW1,2022-01-27T15:40:10,108,C,36
219,TW2,2022-01-27T15:40:17,355,C,197
220,TW3,2022-01-27T15:40:12,338,C,196
221,BL18M,2016-02-04T18:15:45,353,C,286
222,B16,2022-01-27T15:39:17,348,C,197
223,B17,2022-01-27T15:39:19,392,C,160
224,B20,2022-01-27T15:39:24,380,C,174
225,B42,2022-01-27T15:38:37,121,C,37
226,B45,2022-01-27T15:39:00,68,C,12
227,B6,2022-01-27T15:39:17,578,C,284
228,B63,2022-01-27T15:38:58,100,C,0
229,B65,2022-01-27T15:38:58,743,C,414
230,B7,2022-01-27T15:38:56,85,C,0
231,B70,2022-01-27T15:38:59,39,C,16
232,B71,2022-01-27T15:38:55,236,C,149
233,B7A,2022-01-27T15:38:59,129,C,0
234,B8,2022-01-27T15:38:59,106,C,36
235,B80,2022-01-27T15:38:39,247,C,210
236,B84,2022-01-27T15:38:59,551,C,523
237,B88M,2015-03-03T05:02:19,120,C,120
238,B90,2015-03-03T05:02:19,75,C,75
239,B90M,2015-03-03T05:02:19,75,C,75
240,CC5,2022-01-27T15:38:24,104,C,58
241,CC6,2022-01-27T15:38:55,57,C,30
242,B30,2022-01-27T15:39:07,341,C,0
243,B31,2022-01-27T15:39:29,414,C,272
244,TJ28,2022-01-27T15:40:20,755,C,602
245,TJ31,2022-01-27T15:40:31,833,C,621
246,TJ37,2019-12-01T08:28:01,384,C,384
247,TJSF,2018-08-28T17:22:10,842,C,829
248,AM16,2022-01-27T15:16:47,115,C,81
249,AM32,2022-01-27T15:14:41,91,C,52
250,BJ2,2022-01-27T15:40:24,385,C,222
251,CK48,2022-01-27T15:40:27,287,C,190
252,BE8,2022-01-27T15:15:28,544,C,328
253,SE11,2022-01-27T15:15:56,198,C,3
254,SE20,2022-01-27T15:15:46,548,C,392
255,SE21,2022-01-27T15:15:46,29,C,0
256,SE22,2022-01-27T15:15:46,20,C,2
257,SE23,2022-01-27T15:15:36,185,C,104
258,SE24,2022-01-27T15:15:59,167,C,0
259,SE53,2022-01-27T15:15:08,309,C,251
260,SM9A,2016-04-25T17:56:45,19,C,0
261,SM9B,2016-04-25T17:56:46,28,C,2
262,FR4M,2022-01-27T15:31:51,88,C,35
263,BJ31,2022-01-27T15:40:16,88,C,45
264,BJ32,2022-01-27T15:40:27,484,C,382
265,BJ34,2022-01-27T15:40:31,140,C,99
266,BJ35,2022-01-27T15:40:27,140,C,97
267,BJ36,2022-01-27T15:40:18,140,C,90
268,BJ37,2022-01-27T15:40:18,512,C,396
269,TP31,2022-01-27T15:15:51,50,C,1
270,BJ38,2022-01-27T15:40:15,216,C,165
271,BJ39,2022-01-27T15:40:21,550,C,450
272,BJ40,2022-01-27T15:40:27,585,C,430
273,CK38,2022-01-27T15:40:20,344,C,222
274,A38,2022-01-27T15:16:57,938,C,457
275,A43,2022-01-27T15:16:20,141,C,64
276,CK8,2022-01-27T15:40:28,750,C,498
277,CK8A,2022-01-27T15:40:03,373,C,312
278,CK39,2022-01-27T15:40:26,371,C,236
279,CK41,2022-01-27T15:40:03,444,C,300
280,CK46,2022-01-27T15:40:22,673,C,480
281,CK47,2020-11-03T08:46:36,695,C,533
282,SE32,2022-01-27T15:15:09,396,C,226
283,SE33,2022-01-27T15:15:36,302,C,175
284,SE39,2022-01-27T15:15:36,198,C,114
285,BJ43,2022-01-27T15:38:00,1004,C,826
286,CK22,2022-01-27T15:40:08,387,C,253
287,CK36,2022-01-27T15:40:24,420,C,292
288,CK37,2022-01-27T15:40:22,306,C,210
289,A25,2022-01-27T15:16:53,543,C,341
290,A81,2022-01-27T15:16:54,118,C,46
291,A82,2022-01-27T15:16:54,201,C,119
292,A9,2022-01-27T15:16:57,146,C,69
293,A98,2022-01-27T15:13:15,108,C,73
294,BJ55,2022-01-27T15:40:31,873,C,704
295,BJ56,2022-01-27T15:40:18,554,C,406
296,CK44,2022-01-27T15:40:23,285,C,213
297,CK45,2022-01-27T15:40:18,220,C,119
298,SE35,2022-01-27T15:15:50,300,C,163
299,SE38,2022-01-27T15:15:50,300,C,187
300,SE40,2022-01-27T15:15:55,407,C,271
301,BJ30,2022-01-27T15:40:32,611,C,494
302,CK16,2022-01-27T15:40:05,202,C,91
303,CK49,2022-01-27T15:40:23,767,C,549
304,CK50,2021-02-22T09:02:22,374,C,248
305,CKT1,2022-01-27T15:40:12,104,C,67
306,CK51,2022-01-27T15:40:04,318,C,217
307,CK12,2022-01-27T15:40:17,218,C,135
308,CK13,2022-01-27T15:40:18,326,C,217
309,CK17,2022-01-27T15:40:13,185,C,102
310,CK30,2022-01-27T15:40:24,136,C,83
311,CK31,2022-01-27T15:40:16,290,C,214
312,BJ41,2022-01-27T15:40:11,389,C,277
313,CK20,2022-01-27T15:40:06,931,C,630
314,CK23,2021-07-06T09:42:53,232,C,143
315,CK34,2022-01-27T15:40:31,318,C,202
316,CKM1,2021-07-06T09:42:54,669,C,573
317,BJ1,2022-01-27T15:40:19,457,C,272
318,BJ48,2022-01-27T15:40:29,672,C,477
319,CK33,2022-01-27T15:40:14,235,C,161
320,A37,2022-01-27T15:16:55,193,C,16
321,A39,2022-01-27T15:16:57,200,C,81
322,A68,2022-01-27T15:16:47,158,C,77
323,A70,2022-01-27T15:16:47,134,C,45
324,A71,2022-01-27T15:16:47,185,C,42
325,CK40,2022-01-27T15:40:29,500,C,394
326,A40,2022-01-27T15:16:50,520,C,374
327,A66,2022-01-27T15:16:52,150,C,77
328,A69,2022-01-27T15:16:45,476,C,349
329,A30,2022-01-27T15:16:58,12,C,0
330,AM80,2022-01-27T15:16:58,191,C,117
331,AM81,2022-01-27T15:16:58,222,C,175
332,CC7,2022-01-27T15:38:20,200,C,121
333,B88,2022-01-27T15:38:54,388,C,220
334,B71M,2016-03-09T15:26:24,253,C,252
335,B66,2022-01-27T15:38:29,584,C,404
336,B53,2022-01-27T15:39:03,200,C,99
337,B52,2022-01-27T15:39:12,285,C,165
338,B51,2022-01-27T15:38:33,318,C,207
339,B45B,2015-08-19T13:50:02,64,C,15
340,B45A,2015-08-19T13:50:01,75,C,14
341,B35,2022-01-27T15:38:43,196,C,110
342,B34,2022-01-27T15:37:47,272,C,210
343,B33,2022-01-27T15:39:13,250,C,214
344,B32,2022-01-27T15:39:13,250,C,215
345,KB17,2022-01-27T15:15:45,50,C,8
346,KB10,2022-01-27T15:15:30,164,C,61
347,KB11,2022-01-27T15:15:30,212,C,97
348,SD9,2022-01-27T15:14:32,41,C,14
349,W54,2022-01-27T15:41:45,267,C,183
350,BE23,2022-01-27T15:39:44,563,C,383
351,Y52M,2022-01-27T15:42:06,361,C,255
352,Y9,2022-01-27T15:42:09,262,C,149
353,Y20,2022-01-27T15:42:13,60,C,13
354,Y10,2022-01-27T15:41:54,1145,C,780
355,PM30,2022-01-27T15:38:49,353,C,224
356,PM3,2022-01-27T15:38:30,419,C,311
357,TWM3,2022-01-27T15:37:59,998,C,898
358,CK61,2022-01-27T15:38:01,1272,C,1135
359,CK60,2022-01-27T15:37:54,1318,C,1193
360,SK91,2022-01-27T15:41:59,381,C,257
361,SK75,2022-01-27T15:41:53,167,C,65
362,SK74,2022-01-27T15:42:13,225,C,151
363,SK88,2022-01-27T15:41:48,369,C,255
364,SK71,2022-01-27T15:42:07,233,C,129
365,SK43,2022-01-27T15:41:57,317,C,251
366,SK70,2022-01-27T15:42:11,162,C,90
367,SK92,2022-01-27T15:41:54,296,C,196
368,SK80,2022-01-27T15:42:06,354,C,208
369,SK72,2022-01-27T15:42:05,200,C,115
370,SK73,2022-01-27T15:42:06,208,C,151
371,SK83,2022-01-27T15:42:03,94,C,52
372,SK86,2022-01-27T15:41:50,374,C,276
373,SK78,2022-01-27T15:42:08,264,C,167
374,SK68,2022-01-27T15:42:13,233,C,138
375,SK3,2022-01-27T15:41:55,700,C,539
376,SK58,2022-01-27T15:41:45,1164,C,848
377,SK62,2019-11-01T10:05:39,646,C,473
378,SK87,2022-01-27T15:41:48,113,C,78
379,CK3A,2022-01-27T15:37:51,517,C,463
380,CK3,2022-01-27T15:38:01,282,C,189
381,CK55,2022-01-27T15:40:32,356,C,197
382,CK29,2022-01-27T15:40:21,26,C,14
383,CK28,2022-01-27T15:40:09,184,C,137
384,AM22,2022-01-27T15:16:57,289,C,178
385,AM20,2022-01-27T15:16:57,676,C,517
386,AM18,2022-01-27T15:16:57,451,C,254
387,A20,2022-01-27T15:16:57,83,C,0
388,A65,2022-01-27T15:16:58,97,C,69
389,A60,2022-01-27T15:16:30,517,C,370
390,A50,2022-01-27T15:16:40,206,C,84
391,HG22,2022-01-27T15:38:14,116,C,47
392,CK25,2022-01-27T15:40:25,183,C,113
393,CK24,2022-01-27T15:40:16,36,C,11
394,STAM,2022-01-27T15:25:06,250,C,106
395,AM79,2022-01-27T15:16:56,472,C,336
396,A34,2022-01-27T15:16:50,220,C,123
397,AM96,2022-01-27T15:16:14,525,C,366
398,A85,2022-01-27T15:16:43,93,C,47
399,A72,2022-01-27T15:16:45,358,C,244
400,A67,2022-01-27T15:16:52,717,C,496
401,JMSU,2018-11-30T11:23:35,1052,C,0
402,JMSC,2018-11-30T11:26:13,644,C,443
403,BMVM,2022-01-27T15:36:58,361,C,194
404,HE3,2022-01-27T15:29:24,148,C,0
405,TB2,2022-01-27T15:29:21,51,C,8
406,JKM,2022-01-27T15:27:34,360,C,281
407,JKS,2022-01-27T15:27:34,42,C,33
408,SPM,2022-01-27T15:25:10,719,C,328
409,FR2C,2022-01-27T15:29:11,315,C,169
410,GM1A,2022-01-27T15:31:17,414,C,204
411,AR5M,2022-01-27T15:32:09,419,C,179
412,AR9,2022-01-27T15:32:09,64,C,0
413,C5,2022-01-27T15:32:12,420,C,128
414,C9,2022-01-27T15:27:31,316,C,142
415,U46,2022-01-27T15:40:11,241,C,144
416,U15,2022-01-27T15:40:29,419,C,295
417,U3,2022-01-27T15:40:11,159,C,14
418,U32,2022-01-27T15:40:28,128,C,86
419,B75,2022-01-27T15:38:45,325,C,275
420,U38,2022-01-27T15:38:27,115,C,50
421,U10,2022-01-27T15:38:41,214,C,138
422,C8,2022-01-27T15:39:49,347,C,255
423,J60M,2022-01-27T15:40:23,543,C,415
424,J38,2022-01-27T15:40:24,27,C,0
425,UBKM,2022-01-27T15:15:55,343,C,227
426,UBK2,2022-01-27T15:15:55,287,C,87
427,UBK5,2022-01-27T15:15:30,143,C,100
428,HE8,2016-02-15T15:12:52,76,C,45
429,U17,2022-01-27T15:40:11,427,C,290
430,U4,2022-01-27T15:40:28,259,C,81
431,U1,2022-01-27T15:40:33,516,C,319
432,TGML,2022-01-27T15:39:46,4,C,0
433,BRBL,2022-01-27T15:39:39,12,C,5
434,BL18,2022-01-27T15:40:06,401,C,347
435,BRB1,2022-01-27T15:39:39,168,C,60
436,J61,2022-01-27T15:40:29,779,C,501
437,J73,2022-01-27T15:40:10,713,C,491
438,J74,2022-01-27T15:40:21,367,C,216
439,U39,2022-01-27T15:40:15,248,C,213
440,U40,2022-01-27T15:40:23,288,C,243
441,U41,2022-01-27T15:40:23,28,C,26
442,C3M,2022-01-27T15:26:41,882,C,276
443,C4M,2022-01-27T15:31:26,392,C,164
444,J70,2022-01-27T15:40:15,147,C,63
445,J75M,2022-01-27T15:40:04,326,C,220
446,JM15,2022-01-27T15:40:07,474,C,411
447,JM18,2022-01-27T15:40:28,559,C,450
448,C24,2022-01-27T15:29:03,450,C,52
449,C27,2022-01-27T15:32:10,16,C,0
450,KTM5,2022-01-27T15:31:18,512,C,202
451,KTM6,2019-08-01T08:03:57,252,C,248
452,BP2,2022-01-27T15:39:49,466,C,230
453,BBM3,2022-01-27T15:40:11,1214,C,854
454,BBM5,2022-01-27T15:40:20,951,C,640
455,U33,2022-01-27T15:40:19,290,C,184
456,U34,2022-01-27T15:40:29,303,C,165
457,J84M,2022-01-27T15:40:22,285,C,203
458,J85M,2022-01-27T15:40:17,269,C,182
459,Q84,2022-01-27T15:29:20,207,C,21
460,Q87,2022-01-27T15:25:18,430,C,223
461,Q89,2022-01-27T15:29:20,435,C,246
462,BM5,2022-01-27T15:29:22,46,C,12
463,TB1,2022-01-27T15:29:17,58,C,0
464,TB3,2022-01-27T15:31:20,154,C,10
465,TB9,2022-01-27T15:25:13,77,C,18
466,TBC3,2022-01-27T15:31:18,106,C,47
467,C26,2022-01-27T15:32:04,35,C,27
468,C25,2022-01-27T15:32:04,154,C,50
469,C22M,2022-01-27T15:32:10,188,C,153
470,JM7,2022-01-27T15:40:21,1165,C,941
471,JM30,2022-01-27T15:40:21,754,C,609
472,J72,2022-01-27T15:40:31,220,C,122
473,J69,2022-01-27T15:40:49,222,C,139
474,JM23,2019-12-01T08:16:38,793,C,227
475,JM19,2022-01-27T15:40:04,1176,C,860
476,U43,2022-01-27T15:38:40,270,C,175
477,U43Z,2019-07-03T03:59:43,1000,C,85
478,W21,2022-01-27T15:39:37,499,C,252
479,W24,2022-01-27T15:39:48,557,C,294
480,M25,2022-01-27T15:39:42,424,C,274
481,M3,2022-01-27T15:39:47,126,C,58
482,M4,2022-01-27T15:39:39,470,C,272
483,MM1,2022-01-27T15:39:47,176,C,134
484,MM2,2022-01-27T15:39:42,563,C,485
485,MM4,2022-01-27T15:39:47,288,C,205
486,UA2,2022-01-27T15:39:58,73,C,10
487,UA3,2022-01-27T15:38:25,245,C,131
488,UA5,2022-01-27T15:38:22,337,C,212
489,UAM1,2022-01-27T15:38:56,466,C,361
490,JM31,2022-01-27T15:40:10,188,C,126
491,BBM9,2022-01-27T15:40:09,1200,C,776
492,C21M,2022-01-27T15:29:02,383,C,188
493,U13,2022-01-27T15:40:11,661,C,388
494,C13M,2022-01-27T15:32:10,280,C,142
495,C12,2022-01-27T15:32:09,323,C,150
496,C14M,2022-01-27T15:26:59,212,C,92
497,C10,2022-01-27T15:27:07,767,C,314
498,BL10,2022-01-27T15:40:13,239,C,164
499,BL19,2022-01-27T15:40:19,369,C,305
500,BL3,2022-01-27T15:40:19,196,C,171
501,J50,2022-01-27T15:40:17,427,C,245
502,J60L,2022-01-27T15:40:17,10,C,5
503,J62,2022-01-27T15:40:20,376,C,0
504,J62M,2022-01-27T15:40:28,200,C,166
505,J63,2022-01-27T15:40:23,150,C,73
506,J65,2022-01-27T15:40:23,1083,C,784
507,J71,2022-01-27T15:40:15,450,C,227
508,J76M,2022-01-27T15:40:26,415,C,312
509,J77M,2022-01-27T15:40:23,350,C,266
510,J78M,2022-01-27T15:40:14,458,C,281
511,J79M,2022-01-27T15:40:25,337,C,221
512,J80M,2022-01-27T15:40:23,441,C,297
513,J81M,2022-01-27T15:40:21,466,C,293
514,J82M,2022-01-27T15:40:52,535,C,193
515,J83M,2022-01-27T15:40:23,121,C,64
516,J86M,2022-01-27T15:40:30,191,C,138
517,J88M,2022-01-27T15:40:07,603,C,460
518,J89M,2022-01-27T15:40:10,591,C,490
519,J98M,2022-01-27T15:40:26,489,C,410
520,J99M,2022-01-27T15:40:08,502,C,429
521,JM10,2022-01-27T15:40:25,367,C,271
522,JM13,2022-01-27T15:40:10,1061,C,836
523,JM22,2022-01-27T15:40:14,538,C,434
524,JM25,2022-01-27T15:40:04,505,C,421
525,JM28,2022-01-27T15:40:22,1302,C,1089
526,JM29,2021-03-08T07:44:02,641,C,387
527,TBM3,2022-01-27T15:25:08,385,C,319
528,TBM4,2022-01-27T15:26:57,503,C,250
529,BJ49,2022-01-27T15:37:59,4443,C,4058
530,Y11,2022-01-27T15:41:59,678,C,443
531,Y8,2022-01-27T15:41:55,697,C,464
532,Y13,2022-01-27T15:41:44,262,C,114
533,Y3,2022-01-27T15:42:03,403,C,246
534,Y3M,2022-01-27T15:41:55,206,C,124
535,Y39,2022-01-27T15:41:55,225,C,128
536,MPS,2021-02-05T09:25:47,31,C,10
537,Y48,2022-01-27T15:39:39,473,C,276
538,Y48M,2022-01-27T15:39:39,251,C,205
539,Y15,2022-01-27T15:41:50,335,C,204
540,Y4,2022-01-27T15:41:55,807,C,502
541,Y27,2022-01-27T15:41:51,286,C,186
542,Y49,2022-01-27T15:39:45,554,C,319
543,Y21M,2022-01-27T15:41:44,367,C,270
544,Y28,2022-01-27T15:41:58,297,C,130
545,Y28M,2022-01-27T15:42:09,375,C,288
546,Y33,2022-01-27T15:42:12,101,C,60
547,Y49M,2022-01-27T15:39:36,266,C,200
548,Y49L,2022-01-27T15:39:36,27,C,21
549,Y49HV,2016-02-15T21:52:35,3,C,28
550,Y7,2022-01-27T15:42:13,667,C,436
551,Y57,2022-01-27T15:39:21,21,C,0
552,Y21,2022-01-27T15:41:53,77,C,7
553,SB19,2022-01-27T15:42:03,789,C,603
554,SB24,2021-03-16T09:49:04,387,C,202
555,S19L,2021-03-16T09:49:04,4,C,3
556,S24L,2021-03-16T09:49:04,2,C,0
557,SB2,2022-01-27T15:41:48,383,C,299
558,SB16,2022-01-27T15:42:12,714,C,559
559,SB26,2022-01-27T15:41:51,1401,C,1131
560,SB27,2021-06-30T09:29:09,395,C,283
561,SB28,2021-06-30T09:29:09,498,C,341
562,SB28L,2016-02-25T22:52:35,8,C,8
563,SB3,2022-01-27T15:41:55,359,C,257
564,SB15,2022-01-27T15:41:59,1549,C,1299
565,S15L,2020-04-01T09:24:04,15,C,12
566,SB4,2022-01-27T15:42:11,272,C,226
567,SB5,2022-01-27T15:42:10,395,C,305
568,SB18,2020-04-01T09:20:04,644,C,401
569,SB21,2022-01-27T15:42:11,1454,C,1089
570,SB29,2022-01-27T15:42:13,628,C,511
571,SB30,2022-01-27T15:42:00,922,C,788
572,SB31,2022-01-27T15:42:13,202,C,129
573,SB23,2022-01-27T15:42:13,550,C,396
574,SB22,2022-01-27T15:42:13,715,C,568
575,SB34,2022-01-27T15:42:00,63,C,40
576,SK36,2022-01-27T15:42:14,1336,C,1022
577,SK37,2021-05-21T08:39:13,538,C,342
578,SK42,2021-05-21T08:39:13,465,C,286
579,SK23,2022-01-27T15:41:59,674,C,535
580,SK10,2022-01-27T15:42:05,394,C,297
581,SK19,2022-01-27T15:42:00,609,C,443
582,SK20,2021-01-08T08:45:23,283,C,188
583,SK11,2022-01-27T15:41:59,362,C,242
584,SK45,2022-01-27T15:42:08,556,C,445
585,SK4,2022-01-27T15:42:02,593,C,470
586,SK77,2022-01-27T15:42:06,412,C,237
587,SK16,2022-01-27T15:41:48,429,C,301
588,SK63,2022-01-27T15:42:02,494,C,375
589,SK7,2022-01-27T15:42:11,539,C,438
590,MR4,2022-01-27T15:15:39,35,C,0
591,CR7,2022-01-27T15:15:44,183,C,5
592,KB4,2022-01-27T15:40:02,408,C,247
593,JRM,2022-01-27T15:15:26,280,C,72
594,SD5,2022-01-27T15:15:44,64,C,3
595,KB12,2022-01-27T15:15:45,181,C,60
596,UBK4,2022-01-27T15:15:38,53,C,32
597,SD2,2022-01-27T15:14:23,29,C,0
598,SDM2,2022-01-27T15:14:23,135,C,58
599,MR567,2016-02-15T21:52:35,38,C,94
600,SG3,2022-01-27T15:15:32,143,C,85
601,NBRM,2022-01-27T15:15:25,395,C,168
602,SG2,2022-01-27T15:15:32,103,C,68
603,SDM,2022-01-27T15:13:39,192,C,166
604,SD3,2022-01-27T15:15:51,102,C,25
605,W107,2022-01-27T15:42:09,50,C,29
606,W30,2022-01-27T15:42:11,285,C,153
607,W28,2022-01-27T15:41:49,27,C,0
608,W44,2022-01-27T15:41:51,245,C,123
609,W45,2022-01-27T15:41:57,324,C,191
610,W7,2022-01-27T15:41:56,108,C,0
611,W19,2022-01-27T15:39:00,322,C,191
612,W780,2022-01-27T15:41:53,350,C,241
613,W101,2022-01-27T15:41:59,486,C,403
614,W13,2022-01-27T15:41:45,295,C,184
615,W48,2022-01-27T15:41:53,291,C,203
616,W102,2022-01-27T15:42:00,452,C,345
617,W37,2022-01-27T15:41:49,50,C,7
618,W52,2022-01-27T15:41:57,285,C,199
619,W64,2022-01-27T15:41:49,352,C,252
620,W17,2022-01-27T15:41:56,411,C,241
621,W18,2022-01-27T15:41:46,563,C,334
622,W58,2022-01-27T15:42:02,382,C,304
623,W5,2022-01-27T15:42:14,355,C,291
624,W5M,2022-01-27T15:41:55,350,C,286
625,W23,2022-01-27T15:42:00,628,C,234
626,W40,2022-01-27T15:42:09,304,C,203
627,W49,2022-01-27T15:41:56,833,C,601
628,W50,2021-04-23T11:38:55,254,C,201
629,W51,2021-04-23T11:38:55,304,C,242
630,W36,2022-01-27T15:42:05,539,C,312
631,W10,2022-01-27T15:41:55,116,C,74
632,W6,2022-01-27T15:41:56,57,C,29
633,W181,2022-01-27T15:41:49,275,C,178
634,W14,2022-01-27T15:38:49,330,C,211
635,PM6,2022-01-27T15:38:46,435,C,261
636,PM17,2022-01-27T15:38:35,421,C,269
637,PM14,2022-01-27T15:38:50,371,C,250
638,PM29,2022-01-27T15:37:23,415,C,288
639,PM16,2022-01-27T15:37:47,256,C,165
640,PM18,2022-01-27T15:38:45,245,C,150
641,PM11,2022-01-27T15:38:25,152,C,68
642,PM7,2022-01-27T15:38:34,248,C,163
643,PM13,2022-01-27T15:38:50,364,C,177
644,PM45,2022-01-27T15:37:50,521,C,321
645,PM41,2022-01-27T15:38:13,376,C,260
646,PR1,2022-01-27T15:38:56,294,C,149
647,PM19,2022-01-27T15:38:56,446,C,353
648,P40L1,2016-02-15T21:52:35,2,C,6
649,P40L2,2016-02-15T21:52:35,3,C,6
650,PM40,2022-01-27T15:38:43,263,C,160
651,PM37,2020-11-02T10:04:43,293,C,134
652,PM36,2022-01-27T15:38:32,850,C,598
653,SK93,2022-01-27T15:42:01,472,C,381
654,SK2,2022-01-27T15:41:45,360,C,281
655,SK60,2022-01-27T15:41:52,865,C,678
656,SK15,2022-01-27T15:41:48,1358,C,1015
657,SK17,2020-12-14T09:35:53,677,C,539
658,SK12,2022-01-27T15:42:12,354,C,268
659,W4,2022-01-27T15:41:47,75,C,49
660,SK22,2022-01-27T15:42:07,507,C,412
661,SK21,2022-01-27T15:42:07,653,C,511
662,SK13,2022-01-27T15:42:03,355,C,244
663,SK6,2022-01-27T15:41:52,473,C,407
664,CK52,2022-01-27T15:38:06,2064,C,1899
665,P1,2022-01-27T15:41:52,314,C,225
666,P2,2022-01-27T15:41:51,293,C,195
667,P3,2022-01-27T15:41:51,658,C,488
668,P4,2022-01-27T15:42:07,411,C,274
669,P5,2022-01-27T15:41:59,520,C,357
670,P5L,2020-04-01T02:35:29,4,C,0
671,P6,2022-01-27T15:41:49,547,C,389
672,P6L,2020-04-01T02:35:29,6,C,6
673,P6M,2015-10-23T13:21:14,537,C,436
674,PL14,2022-01-27T15:41:46,741,C,565
675,PL15,2022-01-27T15:41:54,277,C,153
676,PL25,2022-01-27T15:41:45,283,C,199
677,PL29,2022-01-27T15:42:03,298,C,185
678,PL30,2022-01-27T15:41:53,204,C,129
679,PL31,2022-01-27T15:41:52,222,C,106
680,PL32,2022-01-27T15:41:50,203,C,132
681,PL33,2022-01-27T15:41:52,48,C,18
682,PL39,2022-01-27T15:41:49,430,C,287
683,PL40,2022-01-27T15:41:49,243,C,124
684,PL41,2022-01-27T15:41:54,458,C,293
685,PL42,2022-01-27T15:41:46,598,C,384
686,PL44,2022-01-27T15:42:09,39,C,26
687,PL45,2022-01-27T15:41:57,354,C,191
688,PL46,2022-01-27T15:41:52,428,C,268
689,PL48,2022-01-27T15:42:04,476,C,282
690,J10,2022-01-27T15:37:25,175,C,106
691,J11,2022-01-27T15:37:43,129,C,89
692,CK32,2022-01-27T15:38:10,433,C,295
693,BJ51,2022-01-27T15:37:51,553,C,424
694,BJ52,2022-01-27T15:37:54,588,C,469
695,SK25,2022-01-27T15:37:28,407,C,326
696,SK26,2022-01-27T15:40:01,430,C,354
697,SK32,2022-01-27T15:39:50,1074,C,844
698,SK33,2022-01-27T15:39:50,1074,C,844
699,HG11,2022-01-27T15:38:31,817,C,488
700,PL68,2022-01-27T15:39:23,366,C,271
701,PL69,2022-01-27T15:39:32,699,C,479
702,MLM,2022-01-27T15:38:01,492,C,0
703,CR2,2022-01-27T15:39:13,32,C,6
704,CR3,2022-01-27T15:39:49,29,C,3
705,W57,2022-01-27T15:39:34,483,C,328
706,BE36,2022-01-27T15:16:54,82,C,15
707,BE37,2022-01-27T15:16:48,402,C,281
708,BE38,2022-01-27T15:16:48,31,C,0
709,BE42,2022-01-27T15:15:34,852,C,624
710,BE7,2022-01-27T15:15:22,119,C,51
711,SE13,2022-01-27T15:15:54,421,C,286
712,SE16,2022-01-27T15:15:58,674,C,360
713,SM1,2022-01-27T15:15:10,89,C,18
714,SM3,2022-01-27T15:13:23,149,C,110
715,JB3,2022-01-27T15:25:03,33,C,2
716,JB4,2022-01-27T15:24:57,147,C,85
717,K2,2022-01-27T15:25:17,95,C,16
718,K2T,2022-01-27T15:25:16,73,C,2
719,KM2,2022-01-27T15:32:04,132,C,82
720,KM3,2022-01-27T15:32:19,535,C,325
721,TRS,2021-04-06T10:02:46,269,C,262
722,ACM,2022-01-27T15:25:10,290,C,201
723,GE1A,2022-01-27T15:27:11,792,C,430
724,GE1F,2022-01-27T15:27:12,50,C,15
725,GE1G,2022-01-27T15:27:12,45,C,1
726,GE2,2022-01-27T15:29:08,194,C,94
727,GE3,2022-01-27T15:32:03,355,C,162
728,GE5,2022-01-27T15:25:07,247,C,62
729,JB1,2022-01-27T15:29:01,70,C,0
730,JB2,2022-01-27T15:32:02,55,C,1
731,K7,2022-01-27T15:39:36,159,C,86
732,KM4,2022-01-27T15:39:37,429,C,251
733,LT1,2022-01-27T15:31:18,260,C,119
734,LT2,2022-01-27T15:25:17,74,C,0
735,LT3,2022-01-27T15:25:17,244,C,38
736,M1,2022-01-27T15:29:01,312,C,139
737,M32,2022-01-27T15:29:03,352,C,111
738,MP1,2022-01-27T15:27:11,159,C,55
739,MP17,2022-01-27T15:24:34,87,C,6
740,MP2,2022-01-27T15:27:12,616,C,497
741,MP5,2022-01-27T15:24:34,162,C,117
742,MP5M,2022-01-27T15:27:29,159,C,27
743,MP5S,2022-01-27T15:27:28,33,C,2
744,MP6,2022-01-27T15:24:34,76,C,36
745,MP7,2022-01-27T15:27:10,212,C,94
746,SK9,2022-01-27T15:40:17,456,C,348
747,SK14,2022-01-27T15:40:17,444,C,346
748,BE10,2022-01-27T15:16:29,625,C,426
749,BE11,2022-01-27T15:16:29,352,C,252
750,BE13,2022-01-27T15:16:58,220,C,145
751,BE14,2022-01-27T15:16:58,332,C,218
752,BE26,2022-01-27T15:16:37,65,C,35
753,BE27,2022-01-27T15:39:37,362,C,253
754,BE28,2022-01-27T15:39:37,295,C,114
755,BE29,2022-01-27T15:16:35,48,C,27
756,BE30,2022-01-27T15:16:35,345,C,254
757,BE31,2022-01-27T15:16:28,300,C,268
758,BE32,2022-01-27T15:16:28,200,C,109
759,BE4,2022-01-27T15:16:54,770,C,479
760,BE5,2022-01-27T15:15:43,647,C,370
761,BE6,2022-01-27T15:15:56,170,C,124
762,BE9,2022-01-27T15:15:52,711,C,431
763,CLM,2022-01-27T15:26:59,245,C,116
764,BM14,2022-01-27T15:31:23,94,C,37
765,BM19,2022-01-27T15:26:57,36,C,9
766,BM20,2022-01-27T15:26:58,60,C,39
767,BM4,2022-01-27T15:39:25,150,C,79
768,BM6,2022-01-27T15:26:57,30,C,6
769,BVM2,2022-01-27T15:29:15,504,C,382
770,CM1,2022-01-27T15:29:13,962,C,607
771,DUX,2016-04-20T13:28:38,1000,C,571
772,H12,2022-01-27T15:25:11,356,C,198
773,H14,2022-01-27T15:25:08,220,C,114
774,H3,2022-01-27T15:29:02,148,C,103
775,H8,2022-01-27T15:24:57,82,C,25
776,HCM,2022-01-27T15:24:54,386,C,286
777,HE1,2022-01-27T15:24:55,21,C,0
778,HE19,2022-01-27T15:29:04,93,C,54
779,HE24,2022-01-27T15:31:24,26,C,18
780,HE4,2022-01-27T15:29:15,124,C,67
781,JMB1,2022-01-27T15:39:42,492,C,285
782,JRTM,2022-01-27T15:31:23,433,C,332
783,KTM,2022-01-27T15:29:14,247,C,74
784,KTM2,2022-01-27T15:25:14,429,C,204
785,KTM3,2022-01-27T15:31:18,465,C,304
786,KTM4,2022-01-27T15:26:58,380,C,183
787,LBM,2022-01-27T15:29:00,169,C,72
788,PGS,2016-04-25T09:48:25,100,C,100
789,PP9T,2022-01-27T15:39:16,131,C,102
790,RH3,2016-02-16T11:37:54,35,C,0
791,RHM2,2022-01-27T15:29:26,222,C,94
792,RHM3,2022-01-27T15:25:11,646,C,407
793,RHM4,2022-01-27T15:32:11,282,C,3
794,RHS,2022-01-27T15:32:11,20,C,0
795,HG30,2022-01-27T15:38:56,433,C,324
796,HG31,2022-01-27T15:38:41,70,C,26
797,HG32,2022-01-27T15:38:27,287,C,184
798,HG39,2022-01-27T15:38:57,186,C,137
799,HG47,2022-01-27T15:38:56,379,C,224
800,HG48,2022-01-27T15:38:42,841,C,505
801,HG49,2022-01-27T15:38:59,736,C,413
802,HG50,2022-01-27T15:37:20,493,C,262
803,HG51,2022-01-27T15:38:43,175,C,79
804,HG52,2022-01-27T15:38:44,175,C,93
805,HG54,2022-01-27T15:38:58,245,C,157
806,HG55,2022-01-27T15:38:58,87,C,0
807,HG60,2022-01-27T15:38:43,367,C,304
808,HG61,2022-01-27T15:38:44,310,C,220
809,HG62,2022-01-27T15:38:44,337,C,286
810,HG67,2022-01-27T15:38:56,705,C,403
811,HG68,2022-01-27T15:38:23,248,C,178
812,HG69,2022-01-27T15:38:25,187,C,105
813,HG7,2022-01-27T15:38:17,757,C,427
814,HG70,2022-01-27T15:38:26,342,C,214
815,HG76,2022-01-27T15:37:44,270,C,191
816,HG77,2022-01-27T15:38:12,423,C,335
817,HG78,2022-01-27T15:38:41,490,C,391
818,HG79,2022-01-27T15:38:13,401,C,288
819,HG89,2022-01-27T15:38:59,383,C,319
820,HG94,2022-01-27T15:38:19,896,C,746
821,HG95,2022-01-27T15:38:49,150,C,113
822,HG96,2022-01-27T15:38:49,40,C,20
823,HG97,2022-01-27T15:38:59,43,C,0
824,HG99,2022-01-27T15:38:34,154,C,97
825,J12,2022-01-27T15:40:08,243,C,14
826,J14,2022-01-27T15:40:21,192,C,93
827,J15,2022-01-27T15:40:12,205,C,114
828,J16,2022-01-27T15:40:14,212,C,117
829,J18,2022-01-27T15:40:13,171,C,114
830,J22,2022-01-27T15:40:18,231,C,137
831,J23,2022-01-27T15:40:28,299,C,157
832,J23M,2022-01-27T15:40:31,249,C,175
833,J8,2022-01-27T15:40:29,377,C,208
834,J9,2022-01-27T15:40:04,189,C,126
835,J90,2022-01-27T15:40:17,1294,C,1014
836,J91,2022-01-27T15:40:07,587,C,448
837,J92,2022-01-27T15:40:22,447,C,356
838,J93,2022-01-27T15:40:24,483,C,357
839,J94,2022-01-27T15:40:30,421,C,303
840,J95,2022-01-27T15:40:17,467,C,334
841,J96,2021-07-06T10:47:32,444,C,288
842,J97,2021-07-06T10:47:54,411,C,324
843,BBM2,2022-01-27T15:39:38,285,C,178
844,U12,2022-01-27T15:38:57,773,C,472
845,CK56,2022-01-27T15:38:01,1561,C,1458
846,CK57,2022-01-27T15:37:57,1088,C,961
847,U51,2022-01-27T15:38:44,350,C,326
848,ALL,2016-02-10T20:02:17,548,C,548
849,B59,2022-01-27T15:39:46,386,C,229
850,B60,2022-01-27T15:39:46,272,C,167
851,B97,2022-01-27T15:39:40,553,C,379
852,CC12,2022-01-27T15:40:12,131,C,39
853,SK39,2022-01-27T15:42:09,517,C,398
854,SK81,2022-01-27T15:42:05,200,C,104
855,P40L,2022-01-27T15:38:43,6,C,1
856,PM10,2022-01-27T15:38:41,365,C,211
857,PM25,2022-01-27T15:38:59,502,C,345
858,PR7,2022-01-27T15:38:33,208,C,90
859,MR5,2022-01-27T15:15:59,105,C,2
860,MR6,2020-11-02T09:56:59,105,C,45
861,MR7,2020-11-02T09:56:59,105,C,45
862,SG1,2022-01-27T15:15:39,294,C,159
863,SGLM,2022-01-27T15:15:39,230,C,171
864,W4M,2022-01-27T15:41:52,355,C,272
865,W59,2022-01-27T15:41:54,434,C,301
866,W554,2022-01-27T15:39:15,376,C,293
867,W549,2022-01-27T15:39:15,429,C,313
868,W81,2022-01-27T15:39:20,350,C,271
869,SK28,2022-01-27T15:40:05,460,C,360
870,W586,2022-01-27T15:39:04,360,C,287
871,W588,2022-01-27T15:39:04,358,C,245
872,BL19S,2016-02-05T14:34:00,371,C,363
873,J80MS,2015-08-19T12:21:16,360,C,352
874,J80S,2015-08-19T12:37:42,360,C,353
875,J84S,2015-08-19T12:38:20,10,C,0
876,J86S,2015-08-19T12:33:46,200,C,196
877,JM13S,2016-02-05T15:00:32,967,C,789
878,SK29,2022-01-27T15:40:04,526,C,450
879,W26,2022-01-27T15:41:45,20,C,4
880,W27,2022-01-27T15:42:10,4,C,0
881,PM8,2022-01-27T15:37:55,335,C,255
882,PR8,2022-01-27T15:37:55,154,C,87
883,SK69,2022-01-27T15:42:09,264,C,159
884,AH1,2022-01-27T15:16:52,278,C,115
885,BR14,2022-01-27T15:15:52,78,C,52
886,RC1,2022-01-27T15:15:46,164,C,119
887,TP12,2022-01-27T15:15:28,82,C,5
888,TP15,2022-01-27T15:15:12,85,C,51
889,TP20,2022-01-27T15:40:07,90,C,24
890,TP22,2022-01-27T15:15:57,183,C,113
891,TP3,2022-01-27T15:15:39,215,C,160
892,TP30,2022-01-27T15:15:31,31,C,0
893,TP34,2022-01-27T15:15:05,187,C,67
894,TP3A,2022-01-27T15:15:54,200,C,103
895,TP40,2022-01-27T15:15:54,360,C,215
896,TP41,2022-01-27T15:15:16,134,C,61
897,TP43,2022-01-27T15:15:59,114,C,31
898,TP48,2022-01-27T15:15:45,20,C,1
899,TP52,2022-01-27T15:15:54,456,C,262
900,TP53,2022-01-27T15:40:07,323,C,198
901,TP54,2022-01-27T15:40:08,256,C,164
902,TP60,2022-01-27T15:15:56,275,C,162
903,TP62,2022-01-27T15:15:56,162,C,124
904,TP63,2022-01-27T15:15:56,114,C,56
905,TP67,2022-01-27T15:15:54,183,C,84
906,TP7,2022-01-27T15:15:38,187,C,114
907,TP8,2022-01-27T15:15:38,189,C,107
908,TPB1,2022-01-27T15:15:59,200,C,105
909,TPM2,2022-01-27T15:15:43,211,C,108
910,TPM3,2022-01-27T15:40:07,370,C,285
911,TPM7,2022-01-27T15:15:31,200,C,98
912,TPM8,2022-01-27T15:15:45,800,C,572
913,TPM9,2020-09-08T15:53:52,852,C,840
914,TPMA,2022-01-27T15:40:11,505,C,364
915,TPMB,2022-01-27T15:15:53,601,C,479
916,TPMC,2022-01-27T15:40:10,633,C,516
917,TPMD,2022-01-27T15:40:25,145,C,109
918,TPME,2022-01-27T15:15:43,172,C,124
919,TPMF,2022-01-27T15:15:52,458,C,282
920,TPMH,2022-01-27T15:15:54,246,C,170
921,TPMJ,2022-01-27T15:15:52,657,C,443
922,TPMK,2022-01-27T15:15:16,173,C,111
923,TPML,2022-01-27T15:15:19,266,C,149
924,TPMM,2022-01-27T15:15:19,259,C,135
925,SK24,2022-01-27T15:39:58,777,C,642
926,SK24,2016-02-19T11:19:28,181,Y,200
927,SK24,2016-02-19T11:19:29,181,H,200
928,HG17,2022-01-27T15:38:40,225,C,106
929,HG75,2022-01-27T15:38:15,823,C,713
930,HG86,2022-01-27T15:38:42,404,C,306
931,HG92,2022-01-27T15:38:40,1010,C,880
932,Q86,2022-01-27T15:29:02,320,C,131
933,Q19,2022-01-27T15:29:02,20,C,9
934,MLM1,2022-01-27T15:24:54,250,C,105
935,STM1,2022-01-27T15:25:09,148,C,54
936,STM2,2022-01-27T15:25:09,199,C,120
937,STM3,2022-01-27T15:29:10,100,C,0
938,Q88,2022-01-27T15:38:29,221,C,173
939,Q8,2022-01-27T15:38:45,139,C,83
940,CDM,2022-01-27T15:27:00,343,C,123
941,PL16,2022-01-27T15:39:36,153,C,111
942,PL19,2022-01-27T15:39:32,291,C,142
943,PL24,2022-01-27T15:39:36,749,C,627
944,PL38,2022-01-27T15:39:44,399,C,297
945,PL50,2022-01-27T15:39:04,192,C,118
946,PL51,2022-01-27T15:39:04,321,C,216
947,CK2,2022-01-27T15:38:04,464,C,319
948,A28,2022-01-27T15:39:49,84,C,25
949,A31,2022-01-27T15:39:28,310,C,152
950,A44,2022-01-27T15:39:49,157,C,87
951,A27,2022-01-27T15:39:37,251,C,165
952,A75,2022-01-27T15:39:53,354,C,238
953,SE41,2022-01-27T15:39:40,762,C,611
954,A2,2022-01-27T15:39:49,188,C,141
955,A94,2022-01-27T15:39:30,234,C,156
956,HG1D,2022-01-27T15:38:18,175,C,120
957,CK54,2022-01-27T15:38:09,1854,C,1680
958,HE17,2022-01-27T15:39:21,120,C,91
959,SPS,2022-01-27T15:25:08,98,C,67
960,TB10,2022-01-27T15:27:06,213,C,48
961,TB11,2022-01-27T15:27:07,154,C,76
962,TB22,2022-01-27T15:29:02,20,C,7
963,TB23,2022-01-27T15:29:04,50,C,50
964,TB28,2022-01-27T15:27:05,18,C,0
965,TB4A,2019-11-01T07:59:49,46,C,40
966,TB6,2022-01-27T15:25:13,133,C,27
967,TB7,2022-01-27T15:25:13,194,C,101
968,TB8,2022-01-27T15:31:52,85,C,28
969,TBCM,2022-01-27T15:27:14,593,C,202
970,TE1,2022-01-27T15:26:58,90,C,43
971,YHS,2022-01-27T15:27:35,64,C,27
972,JM5,2022-01-27T15:40:27,1399,C,1047
973,JM6,2020-11-10T08:26:24,702,C,480
974,JM7M,2015-08-19T11:39:45,691,C,681
975,JM8,2019-11-07T00:45:46,478,C,364
976,JM8M,2015-08-19T11:39:45,481,C,480
977,JM9,2022-01-27T15:40:29,345,C,261
978,JSR1,2021-03-08T05:46:42,1194,C,1032
979,TJ27,2022-01-27T15:40:15,223,C,145
980,TJ28M,2016-02-04T18:35:55,555,C,485
981,TJ29,2022-01-27T15:40:27,306,C,291
982,TJ30,2022-01-27T15:40:31,745,C,548
983,TJ30S,2016-02-05T15:39:25,288,C,272
984,TJ32,2022-01-27T15:40:31,543,C,349
985,TJ33,2022-01-27T15:40:08,441,C,319
986,TJ33S,2015-12-24T18:04:02,440,C,439
987,TJ36,2022-01-27T15:40:08,305,C,231
988,TP4A,2020-03-31T20:07:31,296,C,154
989,CV1,2022-01-27T15:39:17,307,C,140
990,CV3,2022-01-27T15:38:15,86,C,52
991,PM32,2022-01-27T15:38:22,454,C,314
992,PM33,2022-01-27T15:38:22,452,C,306
993,PM34,2022-01-27T15:38:22,442,C,278
994,Y19,2022-01-27T15:39:22,1159,C,700
995,Y18,2022-01-27T15:39:41,251,C,140
996,Y26,2022-01-27T15:39:39,291,C,209
997,S28L,2022-01-27T15:42:04,8,C,5
998,CV2,2022-01-27T15:37:01,28,C,2
999,S30L,2022-01-27T15:39:40,21,C,0
1000,SK30,2022-01-27T15:39:40,425,C,323
1001,SK31,2022-01-27T15:39:27,618,C,481
1002,SK38,2022-01-27T15:39:40,654,C,506
1003,SK59,2022-01-27T15:39:40,18,C,0
1004,W79,2022-01-27T15:39:20,490,C,380
1005,W80,2022-01-27T15:39:20,322,C,241
1006,W87,2022-01-27T15:38:43,401,C,329
1007,W88,2022-01-27T15:38:43,443,C,362
1008,W92,2022-01-27T15:39:40,389,C,290
1009,SK94,2022-01-27T15:39:11,520,C,358
1010,SD4,2022-01-27T15:40:06,41,C,11
1011,PM12,2022-01-27T15:38:25,169,C,115
1012,MP3M,2022-01-27T15:27:09,400,C,95
1013,MP4M,2020-02-01T08:35:13,302,C,301
1014,PM38,2022-01-27T15:30:55,244,C,162
1015,EPL,2022-01-27T15:39:46,18,C,0
1016,B86,2022-01-27T15:40:03,160,C,107
1017,MP2M,2022-01-27T15:27:11,616,C,261
1018,W15,2018-04-01T00:04:09,137,C,111
1019,BE25,2022-01-27T15:16:37,263,C,193
1020,BE33,2022-01-27T15:39:46,269,C,150
1021,L1,2022-01-27T15:39:39,178,C,59
1022,SE15,2022-01-27T15:39:40,486,C,338
1023,SE17,2022-01-27T15:39:30,436,C,226
1024,SE18,2022-01-27T15:39:54,279,C,114
1025,SE19,2022-01-27T15:39:51,558,C,340
1026,SE25,2022-01-27T15:39:48,239,C,132
1027,SE26,2022-01-27T15:39:48,214,C,132
1028,SE27,2022-01-27T15:39:26,380,C,237
1029,SE28,2022-01-27T15:39:48,186,C,139
1030,SE29,2022-01-27T15:39:39,333,C,219
1031,SH2,2022-01-27T15:39:37,173,C,140
1032,W43,2022-01-27T15:38:43,323,C,195
1033,HG5,2022-01-27T15:38:31,149,C,52
1034,W46,2022-01-27T15:39:16,407,C,301
1035,TP68,2022-01-27T15:15:16,21,C,16
1036,DUXM,2022-01-27T15:32:15,1095,C,327
1037,TP49,2020-03-31T20:09:02,296,C,158
1038,TP50,2020-03-31T20:16:03,296,C,159
1039,SI1,2022-01-27T15:38:23,329,C,160
1040,SI11,2022-01-27T15:38:59,208,C,124
1041,SI12,2022-01-27T15:38:59,168,C,130
1042,SIM1,2022-01-27T15:38:39,309,C,249
1043,SIM2,2022-01-27T15:38:37,160,C,69
1044,SIM3,2022-01-27T15:38:59,236,C,182
1045,T34,2022-01-27T15:38:47,284,C,151
1046,T35,2022-01-27T15:38:34,630,C,422
1047,T4,2022-01-27T15:38:51,272,C,127
1048,T75,2022-01-27T15:38:48,231,C,64
1049,T80,2022-01-27T15:38:57,348,C,229
1050,TM11,2022-01-27T15:38:30,437,C,292
1051,TM12,2022-01-27T15:38:13,361,C,245
1052,TM13,2022-01-27T15:36:25,207,C,149
1053,TM14,2022-01-27T15:38:48,358,C,228
1054,TM17,2022-01-27T15:38:48,447,C,292
1055,TM18,2022-01-27T15:38:48,306,C,159
1056,TM21,2022-01-27T15:38:51,338,C,257
1057,TM22,2022-01-27T15:38:49,345,C,248
1058,TM28,2022-01-27T15:38:50,290,C,180
1059,TM29,2022-01-27T15:38:50,272,C,172
1060,TM3,2022-01-27T15:38:51,428,C,327
1061,TM30,2022-01-27T15:38:39,408,C,305
1062,TM31,2022-01-27T15:38:57,819,C,491
1063,TM32,2020-11-02T07:50:53,460,C,283
1064,TM4,2022-01-27T15:38:55,1202,C,752
1065,TM49,2021-06-14T07:56:38,197,C,74
1066,TM5,2021-06-14T07:56:38,501,C,245
1067,PL23,2022-01-27T15:39:45,446,C,345
1068,PL27,2022-01-27T15:39:45,407,C,307
1069,PL34,2022-01-27T15:39:44,277,C,199
1070,PL35,2022-01-27T15:39:44,234,C,160
1071,PL37,2022-01-27T15:39:44,286,C,198
1072,P34L,2022-01-27T15:39:44,80,C,46
1073,P35L,2022-01-27T15:39:44,10,C,10
1074,SI2,2022-01-27T15:38:39,559,C,371
1075,SI4,2022-01-27T15:38:37,460,C,311
1076,T32,2022-01-27T15:38:58,645,C,402
1077,B28,2022-01-27T15:40:16,342,C,205
1078,SIM5,2022-01-27T15:38:25,260,C,192
1079,TWM1,2022-01-27T15:37:53,776,C,665
1080,A52,2022-01-27T15:39:27,150,C,0
1081,A53,2022-01-27T15:39:47,870,C,663
1082,A54,2022-01-27T15:39:36,743,C,279
1083,AM51,2022-01-27T15:39:46,269,C,131
1084,B47,2022-01-27T15:39:38,234,C,191
1085,B48,2022-01-27T15:39:38,210,C,103
1086,J21,2022-01-27T15:37:28,692,C,383
1087,SM9,2022-01-27T15:15:31,26,C,3
1088,Q82,2018-08-13T06:36:53,420,C,378
1089,HG2,2022-01-27T15:38:39,229,C,164
1090,HG2B,2022-01-27T15:38:22,323,C,243
1091,HG4,2022-01-27T15:38:40,407,C,288
1092,GSM,2022-01-27T15:39:29,200,C,7
1093,SK40,2022-01-27T15:39:49,514,C,430
1094,SK41,2022-01-27T15:37:57,392,C,308
1095,SK44,2022-01-27T15:39:41,418,C,303
1096,SK48,2022-01-27T15:40:12,471,C,354
1097,SK49,2022-01-27T15:38:55,483,C,394
1098,SK50,2022-01-27T15:40:06,471,C,360
1099,SK51,2022-01-27T15:39:40,541,C,439
1100,KEM1,2022-01-27T15:40:08,227,C,119
1101,BR8,2022-01-27T15:40:14,127,C,64
1102,BR6,2022-01-27T15:40:24,131,C,73
1103,BR10,2022-01-27T15:40:24,59,C,0
1104,GSML,2022-01-27T15:39:29,22,C,6
1105,CK53,2022-01-27T15:37:59,918,C,734
1106,HG73,2022-01-27T15:38:20,1052,C,922
1107,W106,2022-01-27T15:38:47,709,C,606
1108,W104,2022-01-27T15:38:51,696,C,537
1109,W105,2022-01-27T15:38:51,126,C,72
1110,CK10,2022-01-27T15:38:06,395,C,333
1111,CK9,2022-01-27T15:38:10,45,C,14
1112,EC2,2022-01-27T15:39:36,809,C,541
1113,EC3,2022-01-27T15:39:39,46,C,0
1114,EC4,2022-01-27T15:39:39,114,C,41
1115,ECM,2022-01-27T15:39:21,407,C,290
1116,M33,2022-01-27T15:39:33,125,C,76
1117,CK59,2022-01-27T15:38:14,458,C,350
1118,CKM9,2022-01-27T15:38:05,273,C,214
1119,W782,2022-01-27T15:39:52,383,C,287
1120,SK5,2022-01-27T15:39:06,668,C,510
1121,PL18,2022-01-27T15:39:38,615,C,481
1122,PL21,2022-01-27T15:39:38,615,C,486
1123,PL43,2022-01-27T15:39:19,417,C,249
1124,PL59,2022-01-27T15:39:42,669,C,360
1125,PL52,2022-01-27T15:39:34,587,C,426
1126,PL65,2022-01-27T15:39:34,466,C,296
1127,W12M,2022-01-27T15:39:28,459,C,367
1128,W12L,2016-06-03T13:30:14,10,C,10
1129,W93,2022-01-27T15:39:07,447,C,352
1130,PM26,2022-01-27T15:38:59,444,C,304
1131,BJ14,2022-01-27T15:38:10,63,C,0
1132,BJ15,2022-01-27T15:38:08,37,C,0
1133,BJ16,2022-01-27T15:37:53,311,C,211
1134,BJ23,2022-01-27T15:37:52,16,C,0
1135,BJ44,2022-01-27T15:37:54,994,C,805
1136,BJMP,2022-01-27T15:38:09,60,C,46
1137,SG4,2022-01-27T15:39:39,146,C,65
1138,Y12,2022-01-27T15:38:23,603,C,390
1139,EC7,2022-01-27T15:39:24,127,C,40
1140,Y62M,2022-01-27T15:38:21,234,C,143
1141,Q68,2022-01-27T15:38:18,95,C,19
1142,Q65,2022-01-27T15:38:05,95,C,26
1143,SK89,2022-01-27T15:39:52,486,C,386
1144,AR1M,2022-01-27T15:39:51,196,C,149
1145,A35,2022-01-27T15:39:38,555,C,382
1146,A45,2022-01-27T15:39:40,397,C,273
1147,A48,2022-01-27T15:39:44,62,C,34
1148,A64,2022-01-27T15:39:37,132,C,82
1149,TB19,2022-01-27T15:39:38,100,C,58
1150,Y5,2022-01-27T15:38:58,206,C,132
1151,Q77M,2022-01-27T15:39:46,607,C,388
1152,Q80,2022-01-27T15:39:49,31,C,1
1153,Q85,2022-01-27T15:39:50,148,C,109
1154,W570,2022-01-27T15:39:06,341,C,216
1155,TB17,2022-01-27T15:39:23,366,C,122
1156,TBM5,2022-01-27T15:39:23,423,C,299
1157,TBM6,2022-01-27T15:39:23,400,C,346
1158,TBM7,2022-01-27T15:39:24,529,C,439
1159,PM23,2022-01-27T15:38:50,379,C,323
1160,PR13,2022-01-27T15:38:50,356,C,242
1161,SK95,2022-01-27T15:37:03,573,C,359
1162,SK90,2022-01-27T15:40:01,508,C,331
1163,EC8,2022-01-27T15:39:15,165,C,119
1164,Y6,2022-01-27T15:39:18,357,C,197
1165,Y58,2022-01-27T15:39:29,40,C,24
1166,A87,2022-01-27T15:39:31,124,C,77
1167,A41,2022-01-27T15:39:47,308,C,210
1168,A42,2022-01-27T15:39:46,166,C,130
1169,HG19,2022-01-27T15:38:25,568,C,349
1170,HG20,2022-01-27T15:38:18,590,C,324
1171,HG23,2022-01-27T15:38:27,282,C,147
1172,W82,2022-01-27T15:39:31,450,C,372
1173,W95,2022-01-27T15:39:31,464,C,383
1174,SB33,2022-01-27T15:38:41,380,C,304
1175,Y41,2022-01-27T15:37:19,472,C,291
1176,Y41M,2022-01-27T15:37:19,351,C,279
1177,J6,2022-01-27T15:37:36,322,C,195
1178,J7,2022-01-27T15:37:25,950,C,584
1179,W85,2022-01-27T15:39:13,515,C,441
1180,SK85,2022-01-27T15:40:15,351,C,236
1181,SI10,2022-01-27T15:38:32,294,C,210
1182,SI6,2022-01-27T15:38:25,39,C,22
1183,SI7,2022-01-27T15:38:25,364,C,262
1184,SI8,2022-01-27T15:38:25,118,C,96
1185,SI9,2022-01-27T15:38:20,190,C,112
1186,T20,2022-01-27T15:38:52,393,C,258
1187,T30,2022-01-27T15:38:57,226,C,163
1188,T31,2022-01-27T15:38:57,193,C,118
1189,T79,2022-01-27T15:39:15,462,C,303
1190,T81,2022-01-27T15:38:56,685,C,478
1191,TM15,2022-01-27T15:38:58,299,C,227
1192,TM16,2022-01-27T15:39:00,284,C,181
1193,TM44,2022-01-27T15:38:56,216,C,174
1194,Q17,2022-01-27T15:38:34,34,C,21
1195,Q16A,2016-10-19T03:42:55,40,C,11
1196,Q96,2022-01-27T15:38:16,201,C,72
1197,HG74,2022-01-27T15:38:14,316,C,226
1198,B41,2022-01-27T15:39:29,26,C,10
1199,B43,2022-01-27T15:40:06,217,C,125
1200,B46,2022-01-27T15:40:13,66,C,63
1201,B49,2022-01-27T15:40:06,183,C,113
1202,B72,2022-01-27T15:40:07,412,C,247
1203,B73,2022-01-27T15:39:29,50,C,17
1204,B74,2022-01-27T15:39:29,365,C,243
1205,B7B,2022-01-27T15:40:14,21,C,17
1206,B83,2022-01-27T15:39:38,212,C,160
1207,B85,2022-01-27T15:39:51,559,C,424
1208,B94,2022-01-27T15:40:06,438,C,325
1209,B94A,2022-01-27T15:40:06,186,C,100
1210,B99M,2022-01-27T15:39:38,508,C,365
1211,BB,2016-05-13T18:05:48,21,C,18
1212,CC1,2017-06-01T14:27:28,87,C,87
1213,CC10,2022-01-27T15:40:12,233,C,171
1214,CC11,2022-01-27T15:40:14,417,C,280
1215,CC4,2022-01-27T15:39:46,387,C,190
1216,CC8,2022-01-27T15:39:44,147,C,60
1217,CC9,2022-01-27T15:40:12,123,C,72
1218,PL10,2022-01-27T15:39:05,560,C,386
1219,PL11,2022-01-27T15:39:05,548,C,422
1220,PL28,2022-01-27T15:39:38,363,C,285
1221,BR4,2022-01-27T15:40:24,321,C,140
1222,Q75M,2022-01-27T15:39:28,509,C,352
1223,C18A,2022-01-27T15:39:37,38,C,13
1224,C16,2022-01-27T15:39:37,280,C,123
1225,C18,2022-01-27T15:39:37,124,C,72
1226,AR2M,2022-01-27T15:39:54,696,C,469
1227,AR7M,2022-01-27T15:39:33,295,C,189
1228,W68,2022-01-27T15:39:35,302,C,197
1229,BL15,2022-01-27T15:40:22,20,C,4
1230,Q16,2022-01-27T15:38:01,19,C,2
1231,T26,2022-01-27T15:38:52,293,C,204
1232,T27,2022-01-27T15:39:01,136,C,94
1233,T28,2022-01-27T15:38:22,228,C,171
1234,T29,2022-01-27T15:38:55,256,C,154
1235,TM8,2022-01-27T15:38:41,410,C,288
1236,PL47,2022-01-27T15:39:22,314,C,39
1237,PL49,2022-01-27T15:39:22,314,C,169
1238,J19,2022-01-27T15:37:51,137,C,77
1239,J24,2022-01-27T15:37:45,34,C,0
1240,J25,2022-01-27T15:37:35,30,C,6
1241,J26,2022-01-27T15:37:25,31,C,0
1242,J64,2022-01-27T15:37:50,330,C,247
1243,B19,2022-01-27T15:39:48,860,C,573
1244,B44,2022-01-27T15:40:16,1080,C,708
1245,SK27,2022-01-27T15:39:33,487,C,372
1246,TE13,2022-01-27T15:39:18,143,C,87
1247,SK96,2022-01-27T15:39:29,385,C,265
1248,AR2L,2022-01-27T15:39:54,4,C,4
1249,A10,2022-01-27T15:39:36,64,C,40
1250,A8,2022-01-27T15:39:47,52,C,24
1251,B95,2022-01-27T15:39:56,359,C,264
1252,B96,2022-01-27T15:39:56,242,C,157
1253,AV1,2022-01-27T15:39:53,277,C,30
1254,H4,2022-01-27T15:39:37,102,C,41
1255,H17,2022-01-27T15:39:37,229,C,95
1256,H18,2022-01-27T15:39:37,336,C,164
1257,Y16,2022-01-27T15:39:01,198,C,122
1258,S102,2022-01-27T15:38:50,680,C,505
1259,BKE1,2022-01-27T15:40:22,22,C,6
1260,BKE9,2022-01-27T15:40:23,38,C,3
1261,Y17,2022-01-27T15:39:40,428,C,257
1262,JM16,2022-01-27T15:40:58,534,C,428
1263,JM17,2022-01-27T15:40:58,954,C,848
1264,SK67,2022-01-27T15:39:36,564,C,427
1265,PL36,2022-01-27T15:39:33,382,C,225
1266,SK65,2022-01-27T15:39:30,565,C,473
1267,SK64,2022-01-27T15:40:03,391,C,300
1268,CR1,2022-01-27T15:39:44,158,C,0
1269,BBB,2022-01-27T15:39:19,184,C,31
1270,BM31,2022-01-27T15:39:48,622,C,386
1271,CSM,2022-01-27T15:39:39,260,C,83
1272,FRM,2022-01-27T15:38:45,264,C,100
1273,GE1B,2022-01-27T15:39:24,64,C,7
1274,GE1C,2022-01-27T15:39:23,128,C,0
1275,GEM,2022-01-27T15:39:22,231,C,139
1276,HG15,2022-01-27T15:38:05,124,C,0
1277,HG16,2022-01-27T15:38:49,71,C,8
1278,HG25,2022-01-27T15:38:56,419,C,197
1279,HG37,2022-01-27T15:38:43,249,C,157
1280,HG38,2022-01-27T15:38:36,1279,C,740
1281,HG45,2022-01-27T15:38:48,435,C,242
1282,HG46,2022-01-27T15:38:40,252,C,147
1283,HG88,2022-01-27T15:38:53,699,C,514
1284,HG9,2022-01-27T15:38:48,246,C,32
1285,HG9T,2022-01-27T15:38:44,146,C,37
1286,JCM,2022-01-27T15:39:25,372,C,177
1287,JCML,2022-01-27T15:39:26,2,C,0
1288,K10,2022-01-27T15:39:27,96,C,37
1289,KAM,2022-01-27T15:39:44,396,C,102
1290,KAML,2022-01-27T15:39:45,5,C,0
1291,KAMS,2018-01-25T05:07:01,20,C,20
1292,KM1,2022-01-27T15:39:39,424,C,326
1293,LUB,2017-04-01T09:28:33,3,C,0
1294,MP14,2022-01-27T15:39:26,60,C,2
1295,MP15,2022-01-27T15:39:27,23,C,0
1296,MP16,2022-01-27T15:39:27,22,C,0
1297,MP19,2022-01-27T15:39:27,511,C,262
1298,PR3,2022-01-27T15:38:38,367,C,211
1299,PR6,2022-01-27T15:38:55,336,C,186
1300,PRM,2022-01-27T15:39:40,576,C,144
1301,SIM4,2022-01-27T15:38:39,589,C,444
1302,T55,2022-01-27T15:38:47,8,C,0
1303,TAM1,2022-01-27T15:38:36,418,C,222
1304,KE1,2022-01-27T15:39:42,858,C,571
1305,EI3,2022-01-27T15:39:19,259,C,128
1306,HR1,2022-01-27T15:39:11,78,C,23
1307,HR2,2022-01-27T15:39:12,187,C,100
1308,HR3,2022-01-27T15:39:12,227,C,100
1309,HR4,2022-01-27T15:39:12,103,C,0
1310,HR5,2022-01-27T15:39:32,91,C,41
1311,B24,2022-01-27T15:39:46,150,C,0
1312,B25,2022-01-27T15:39:47,138,C,44
1313,B69,2022-01-27T15:39:47,370,C,275
1314,T77,2022-01-27T15:38:48,24,C,0
1315,TAM2,2022-01-27T15:38:48,533,C,339
1316,BJ25,2022-01-27T15:38:13,264,C,180
1317,BJ26,2022-01-27T15:38:16,192,C,116
1318,BJ62,2022-01-27T15:37:51,68,C,41
1319,TWM2,2022-01-27T15:37:50,674,C,578
1320,HG87,2022-01-27T15:38:37,1278,C,1082
1321,HG90,2022-01-27T15:38:25,784,C,612
1322,HG91,2022-01-27T15:38:18,785,C,619
1323,SD11,2022-01-27T15:38:57,82,C,39
1324,BRM,2022-01-27T15:38:13,469,C,296
1325,B23T,2018-12-26T13:34:57,4,C,4
1326,W94,2022-01-27T15:39:24,359,C,358
1327,JM21,2022-01-27T15:40:43,459,C,353
1328,JM24,2022-01-27T15:40:43,786,C,686
1329,T43,2022-01-27T15:38:42,224,C,20
1330,T44,2022-01-27T15:38:42,229,C,45
1331,T45,2022-01-27T15:38:42,339,C,99
1332,T46,2022-01-27T15:38:42,297,C,0
1333,TM19,2022-01-27T15:39:14,100,C,74
1334,TM20,2022-01-27T15:39:14,234,C,161
1335,BR9,2022-01-27T15:40:19,50,C,29
1336,Q73,2022-01-27T15:37:24,25,C,23
1337,Q70,2022-01-27T15:37:40,25,C,13
1338,Q67,2022-01-27T15:37:41,78,C,47
1339,J66,2022-01-27T15:40:48,77,C,11
1340,J67,2022-01-27T15:40:49,156,C,58
1341,J68M,2022-01-27T15:40:49,276,C,213
1342,PP6,2022-01-27T15:40:16,111,C,15
1343,SIM6,2022-01-27T15:38:51,251,C,130
1344,KJ1,2022-01-27T15:39:58,167,C,88
1345,KJ2,2022-01-27T15:40:17,100,C,55
1346,B26,2022-01-27T15:38:38,225,C,146
1347,B27,2022-01-27T15:39:04,260,C,147
1348,GMLM,2018-06-08T15:03:35,1530,C,1347
1349,GM2,2022-01-27T15:39:46,65,C,16
1350,GM3,2022-01-27T15:39:46,56,C,4
1351,GM5,2022-01-27T15:39:46,118,C,35
1352,GM2A,2022-01-27T15:39:47,146,C,70
1353,GM6B,2022-01-27T15:39:47,232,C,167
1354,KJM2,2022-01-27T15:38:55,467,C,340
1355,HVM,2022-01-27T15:39:44,587,C,360
1356,T1,2022-01-27T15:38:47,401,C,228
1357,T3,2022-01-27T15:38:39,263,C,141
1358,T7,2022-01-27T15:38:36,106,C,33
1359,T8,2022-01-27T15:38:41,211,C,99
1360,KJ3,2022-01-27T15:38:11,334,C,143
1361,KJM1,2022-01-27T15:39:54,265,C,203
1362,KJ4,2022-01-27T15:39:17,182,C,97
1363,CVBK,2022-01-27T15:39:34,444,C,216
1364,BKRM,2022-01-27T15:38:25,278,C,198
1365,U52,2022-01-27T15:38:43,952,C,699
1366,CK62,2022-01-27T15:37:56,1200,C,1070
1367,CK63,2022-01-27T15:38:07,866,C,659
1368,CK64,2022-01-27T15:38:10,1284,C,1194
1369,P8,2022-01-27T15:39:35,379,C,280
1370,P9,2022-01-27T15:39:35,382,C,292
1371,PL53,2022-01-27T15:39:02,424,C,284
1372,RC2,2022-01-27T15:40:10,189,C,113
1373,RC3,2022-01-27T15:40:12,267,C,190
1374,SK66,2022-01-27T15:39:36,518,C,392
1375,BRM1,2022-01-27T15:40:11,335,C,226
1376,Y36,2022-01-27T15:39:00,284,C,156
1377,CK11,2022-01-27T15:38:05,393,C,267
1378,CK35,2022-01-27T15:38:17,345,C,274
1379,K19,2022-01-27T15:39:22,96,C,56
1380,SK18,2022-01-27T15:39:58,659,C,515
1381,J17,2022-01-27T15:37:30,162,C,119
1382,J20,2022-01-27T15:37:41,365,C,228
1383,HE9,2022-01-27T15:39:17,89,C,45
1384,JM20,2022-01-27T15:41:00,923,C,375
1385,PM24,2022-01-27T15:39:41,295,C,224
1386,PR14,2022-01-27T15:39:41,82,C,49
1387,BRM5,2022-01-27T15:40:15,376,C,273
1388,BRM6,2022-01-27T15:15:52,467,C,302
1389,H6,2022-01-27T15:39:21,212,C,121
1390,P7,2022-01-27T15:39:23,896,C,427
1391,CK58,2022-01-27T15:38:02,2637,C,2447
1392,W11,2022-01-27T15:39:04,303,C,195
1393,W11M,2022-01-27T15:39:04,310,C,226
1394,BJ13,2022-01-27T15:38:17,362,C,221
1395,C11,2022-01-27T15:39:44,359,C,168
1396,C29,2022-01-27T15:39:51,189,C,94
1397,C30,2022-01-27T15:39:39,211,C,116
1398,C31,2022-01-27T15:39:39,145,C,83
1399,C33,2022-01-27T15:39:29,805,C,468
1400,C34,2022-01-27T15:39:40,147,C,84
1401,C35,2022-01-27T15:39:37,647,C,407
1402,C36,2022-01-27T15:39:55,86,C,37
1403,C37,2022-01-27T15:39:55,423,C,126
1404,C38,2022-01-27T15:39:38,265,C,144
1405,CKM2,2022-01-27T15:39:59,301,C,162
1406,CTM1,2022-01-27T15:39:39,266,C,179
1407,JMB2,2022-01-27T15:39:44,666,C,413
1408,JMB3,2022-01-27T15:39:28,577,C,339
1409,U11,2022-01-27T15:38:50,60,C,31
1410,U7,2022-01-27T15:38:40,291,C,152
1411,U8,2022-01-27T15:38:41,121,C,57
1412,A49,2022-01-27T15:39:34,179,C,84
1413,A76,2022-01-27T15:39:46,636,C,464
1414,U50,2022-01-27T15:39:46,37,C,29
1415,T57,2022-01-27T15:38:49,22,C,9
1416,T78,2022-01-27T15:38:44,266,C,179
1417,PM43,2022-01-27T15:38:14,346,C,260
1418,PM44,2022-01-27T15:38:14,348,C,259
1419,T73,2022-01-27T15:38:45,309,C,175
1420,BKE4,2022-01-27T15:40:17,43,C,22
1421,W69,2022-01-27T15:39:58,492,C,398
1422,PL12,2022-01-27T15:39:26,747,C,504
1423,PL13,2016-12-25T12:34:06,375,C,372
1424,SK46,2022-01-27T15:40:12,646,C,513
1425,SK47,2022-01-27T15:38:59,643,C,523
1426,JSA1,2022-01-27T15:39:51,63,C,36
1427,TJ39,2022-01-27T15:39:45,663,C,513
1428,TM6,2022-01-27T15:39:26,809,C,785
1429,TM7,2022-01-27T15:39:27,245,C,172
1430,AR7L,2022-01-27T15:39:33,4,C,2
1431,CK75,2022-01-27T15:38:01,1494,C,1115
1432,CK76,2022-01-27T15:38:04,755,C,557
1433,W70,2022-01-27T15:39:05,298,C,229
1434,W74,2022-01-27T15:39:05,381,C,290
1435,CK65,2022-01-27T15:37:52,63,C,29
1436,SB1,2022-01-27T15:38:43,434,C,336
1437,SB6,2022-01-27T15:36:05,516,C,392
1438,WD1B,2018-10-12T16:48:40,1000,C,0
1439,BB8M,2019-03-02T03:59:46,1000,C,720
1440,JB42,2018-11-02T03:59:39,1000,C,218
1441,TBM,2022-01-27T15:39:44,307,C,202
1442,B81,2022-01-27T15:40:06,622,C,498
1443,B92,2022-01-27T15:40:06,757,C,504
1444,Y34,2022-01-27T15:38:51,1138,C,749
1445,Y34A,2022-01-27T15:38:51,235,C,172
1446,B67,2022-01-27T15:39:21,334,C,174
1447,T74,2022-01-27T15:38:46,232,C,159
1448,TM10,2022-01-27T15:38:46,291,C,204
1449,TM9,2022-01-27T15:38:46,20,C,3
1450,SE12,2022-01-27T15:39:36,722,C,392
1451,CK70,2022-01-27T15:38:02,620,C,562
1452,CK71,2022-01-27T15:37:51,371,C,266
1453,CK77,2022-01-27T15:37:54,798,C,677
1454,SK34,2022-01-27T15:40:14,496,C,340
1455,SK35,2022-01-27T15:40:14,1041,C,883
1456,B21,2022-01-27T15:39:32,555,C,372
1457,W517,2022-01-27T15:39:33,1158,C,928
1458,TM33,2022-01-27T15:38:48,378,C,267
1459,TM34,2022-01-27T15:38:48,463,C,312
1460,B89,2022-01-27T15:40:03,287,C,184
1461,Q94,2022-01-27T15:38:18,19,C,0
1462,W20,2022-01-27T15:38:43,781,C,485
1463,Y40,2022-01-27T15:38:47,745,C,475
1464,A100,2022-01-27T15:39:28,64,C,50
1465,A73,2022-01-27T15:39:46,414,C,298
1466,A74,2022-01-27T15:39:37,185,C,111
1467,Q66,2022-01-27T15:38:17,97,C,78
1468,BE232,2017-02-06T10:23:27,500,C,499
1469,BE241,2017-02-06T10:23:27,500,C,499
1470,TM35,2022-01-27T15:39:54,625,C,457
1471,BL22,2022-01-27T15:39:40,358,C,179
1472,JM32,2022-01-27T15:39:33,410,C,227
1473,PL17,2022-01-27T15:39:16,609,C,472
1474,PL20,2022-01-27T15:39:16,617,C,485
1475,PL22,2022-01-27T15:39:16,379,C,305
1476,PL26,2022-01-27T15:39:16,375,C,287
1477,BLM,2022-01-27T15:39:34,556,C,387
1478,HG71,2022-01-27T15:38:34,685,C,471
1479,TM23,2022-01-27T15:39:01,242,C,166
1480,TM24,2022-01-27T15:39:01,344,C,257
1481,W108,2022-01-27T15:39:27,76,C,47
1482,JM2,2022-01-27T15:39:36,300,C,79
1483,JM3,2022-01-27T15:39:36,547,C,450
1484,JM4,2022-01-27T15:39:36,435,C,353
1485,JM11,2022-01-27T15:39:36,573,C,486
1486,JM26,2022-01-27T15:39:37,571,C,449
1487,JM27,2022-01-27T15:39:37,537,C,472
1488,JSR2,2022-01-27T15:39:37,593,C,499
1489,SK55,2022-01-27T15:32:48,914,C,726
1490,UBM1,2022-01-27T15:39:31,914,C,733
1491,KB18,2022-01-27T15:39:05,36,C,10
1492,KB20,2022-01-27T15:39:05,225,C,152
1493,W578,2022-01-27T15:39:51,418,C,339
1494,W579,2022-01-27T15:39:51,403,C,292
1495,Y45M,2022-01-27T15:39:33,567,C,376
1496,HG42,2022-01-27T15:38:33,701,C,349
1497,KE2,2022-01-27T15:40:16,209,C,132
1498,KE4,2022-01-27T15:40:16,133,C,79
1499,BJ29,2022-01-27T15:38:12,1318,C,1087
1500,T72,2022-01-27T15:39:17,640,C,313
1501,A4,2022-01-27T15:39:37,337,C,224
1502,A24,2022-01-27T15:39:48,214,C,149
1503,GEML,2022-01-27T15:39:22,3,C,0
1504,W509,2022-01-27T15:39:09,583,C,447
1505,W516,2022-01-27T15:39:09,574,C,477
1506,HG1B,2022-01-27T15:39:33,659,C,447
1507,BJ24,2022-01-27T15:37:49,258,C,94
1508,BJ27,2022-01-27T15:37:51,305,C,255
1509,B11,2022-01-27T15:40:12,1011,C,600
1510,W86,2022-01-27T15:39:17,465,C,378
1511,W89,2022-01-27T15:39:17,524,C,421
1512,BJ66,2022-01-27T15:37:49,868,C,732
1513,BJ67,2022-01-27T15:38:03,1000,C,887
1514,TB18,2022-01-27T15:39:38,71,C,38
1515,TM48,2022-01-27T15:38:54,224,C,154
1516,AR1L,2022-01-27T15:39:51,4,C,0
1517,PL56,2022-01-27T15:39:35,670,C,538
1518,PL60,2022-01-27T15:39:23,558,C,384
1519,B50,2022-01-27T15:39:55,581,C,350
1520,W71,2022-01-27T15:39:28,377,C,307
1521,PL61,2022-01-27T15:39:28,938,C,620
1522,PM21,2022-01-27T15:39:34,428,C,298
1523,Y43,2022-01-27T15:37:53,663,C,426
1524,B54,2022-01-27T15:39:59,145,C,0
1525,B91,2022-01-27T15:39:59,51,C,26
1526,B57,2022-01-27T15:40:01,426,C,228
1527,TJ35,2022-01-27T15:40:07,365,C,252
1528,TJ38,2022-01-27T15:40:07,293,C,228
1529,BL17,2022-01-27T15:40:22,443,C,341
1530,P13,2022-01-27T15:38:25,150,C,102
1531,PL66,2022-01-27T15:39:28,534,C,406
1532,HG12,2022-01-27T15:38:26,290,C,168
1533,HG13,2022-01-27T15:38:39,97,C,70
1534,HG14,2022-01-27T15:38:23,504,C,297
1535,DWSV,2022-01-27T15:38:14,2,C,0
1536,T48,2022-01-27T15:38:48,648,C,364
1537,TM45,2022-01-27T15:38:48,277,C,208
1538,B40,2022-01-27T15:39:59,540,C,296
1539,W527,2022-01-27T15:38:14,334,C,259
1540,W536,2022-01-27T15:38:14,326,C,233
1541,T76,2022-01-27T15:38:44,348,C,208
1542,KE3,2022-01-27T15:40:16,1018,C,667
1543,W676,2022-01-27T15:39:48,206,C,119
1544,PR2,2022-01-27T15:38:26,791,C,479
1545,Y25,2022-01-27T15:39:52,608,C,400
1546,Y25M,2022-01-27T15:39:52,114,C,78
1547,HG34,2022-01-27T15:38:41,360,C,172
1548,B79,2022-01-27T15:40:11,1719,C,1225
1549,HG35,2022-01-27T15:38:32,315,C,172
1550,SE37,2022-01-27T15:39:51,85,C,44
1551,SE42,2022-01-27T15:39:56,352,C,230
1552,SE43,2022-01-27T15:39:44,32,C,20
1553,PL54,2022-01-27T15:39:33,497,C,397
1554,PL55,2022-01-27T15:39:33,364,C,269
1555,PL62,2022-01-27T15:39:34,300,C,220
1556,KU2,2022-01-27T15:39:26,477,C,290
1557,KU3,2022-01-27T15:39:32,345,C,216
1558,KU4,2022-01-27T15:39:31,474,C,240
1559,KU1,2022-01-27T15:39:25,586,C,250
1560,KU9,2022-01-27T15:39:26,101,C,0
1561,BR11,2022-01-27T15:40:12,268,C,169
1562,BR12,2022-01-27T15:40:12,57,C,28
1563,HG24,2022-01-27T15:38:41,325,C,192
1564,HG29,2022-01-27T15:38:33,232,C,112
1565,CR6,2022-01-27T15:39:40,88,C,0
1566,SB17,2022-01-27T15:39:42,561,C,477
1567,SB20,2022-01-27T15:39:42,359,C,298
1568,SB25,2022-01-27T15:39:42,524,C,401
1569,SB32,2022-01-27T15:39:42,143,C,92
1570,KE3M,2022-01-27T15:40:16,255,C,206
1571,BL23,2022-01-27T15:39:48,631,C,448
1572,TM50,2022-01-27T15:39:11,284,C,190
1573,PL57,2022-01-27T15:39:26,521,C,349
1574,PL58,2022-01-27T15:39:28,566,C,449
1575,SD1,2022-01-27T15:40:47,159,C,77
1576,PR10,2022-01-27T15:38:29,709,C,498
1577,PM20,2022-01-27T15:38:57,807,C,521
1578,P16,2022-01-27T15:38:47,150,C,101
1579,T12,2022-01-27T15:38:27,250,C,125
1580,T13,2022-01-27T15:38:27,392,C,255
1581,CAM,2022-01-27T15:38:14,475,C,235
1582,CKM7,2022-01-27T15:38:09,537,C,414
1583,CKM8,2022-01-27T15:38:17,992,C,845
1584,HG1C,2022-01-27T15:38:19,566,C,348
1585,W56,2022-01-27T15:39:50,537,C,458
1586,W889,2022-01-27T15:39:50,567,C,459
1587,W56L,2022-01-27T15:39:50,10,C,0
1588,W887,2022-01-27T15:38:48,286,C,194
1589,MNM,2022-01-27T15:40:00,453,C,270
1590,T25,2022-01-27T15:38:40,170,C,64
1591,W505,2022-01-27T15:39:57,368,C,270
1592,PM15,2022-01-27T15:39:42,1000,C,992
1593,A59,2022-01-27T15:39:35,172,C,98
1594,BJ21,2022-01-27T15:38:17,183,C,92
1595,BJ63,2022-01-27T15:38:05,1640,C,1468
1596,PM4,2022-01-27T15:39:44,809,C,796
1597,PM5,2022-01-27T15:39:44,325,C,221
1598,PM2,2022-01-27T15:39:42,1000,C,982
1599,PM9,2022-01-27T15:39:42,220,C,129
1600,PRS1,2022-01-27T15:39:42,21,C,9
1601,W76,2022-01-27T15:39:45,480,C,384
1602,W77,2022-01-27T15:39:45,388,C,316
1603,W78,2022-01-27T15:39:45,442,C,333
1604,PM22,2022-01-27T15:39:28,355,C,296
1605,PR12,2022-01-27T15:39:27,392,C,250
1606,DWST,2022-01-27T15:38:56,363,C,184
1607,Y51,2022-01-27T15:39:47,483,C,277
1608,Y51M,2022-01-27T15:39:48,486,C,311
1609,Y53M,2022-01-27T15:39:48,400,C,286
1610,Y59M,2022-01-27T15:39:48,248,C,172
1611,Y60M,2022-01-27T15:39:48,383,C,312
1612,Y61M,2022-01-27T15:39:49,553,C,420
1613,T24,2022-01-27T15:38:40,204,C,117
1614,A7,2022-01-27T15:39:32,238,C,187
1615,A36,2022-01-27T15:39:49,680,C,286
1616,A47,2022-01-27T15:39:35,303,C,219
1617,PM35,2022-01-27T15:36:55,370,C,271
1618,P14,2022-01-27T15:38:27,602,C,448
1619,P15,2022-01-27T15:38:22,90,C,66
1620,P17,2022-01-27T15:38:34,135,C,80
1621,T11,2022-01-27T15:38:49,250,C,106
1622,T9,2022-01-27T15:38:49,570,C,350
1623,C21L,2022-01-27T15:25:03,10,C,10
1624,A51,2022-01-27T15:39:28,40,C,11
1625,AM19,2022-01-27T15:39:28,328,C,228
1626,W8M,2022-01-27T15:38:24,217,C,147
1627,CK14,2022-01-27T15:38:07,371,C,0
1628,SMM,2022-01-27T15:38:59,6,C,0
1629,W103,2022-01-27T15:38:04,339,C,251
1630,W109,2022-01-27T15:38:04,22,C,13
1631,W75,2022-01-27T15:39:17,375,C,313
1632,W53,2022-01-27T15:39:40,397,C,278
1633,W72,2022-01-27T15:39:21,524,C,395
1634,W73,2022-01-27T15:38:42,440,C,331
1635,T49,2022-01-27T15:38:49,468,C,283
1636,T49A,2022-01-27T15:38:49,164,C,127
1637,PR4,2022-01-27T15:39:06,1083,C,639
1638,TBC2,2022-01-27T15:39:40,264,C,176
1639,Y32,2022-01-27T15:40:28,401,C,274
1640,Y31,2022-01-27T15:39:14,303,C,193
1641,BJ19,2022-01-27T15:37:54,491,C,297
1642,CK15,2022-01-27T15:37:59,246,C,141
1643,CK6,2022-01-27T15:39:43,40,C,0
1644,CK6A,2022-01-27T15:39:43,300,C,131
1645,P11,2022-01-27T15:38:33,49,C,26
1646,PM46,2022-01-27T15:39:21,234,C,136
1647,HG1A,2022-01-27T15:38:39,563,C,416
1648,HG36,2022-01-27T15:38:38,220,C,136
1649,HG53,2022-01-27T15:38:42,201,C,59
1650,HG56,2022-01-27T15:38:15,20,C,5
1651,HG80,2022-01-27T15:38:20,437,C,340
1652,Y68M,2022-01-27T15:39:18,586,C,418
1653,Y68L,2022-01-27T15:39:18,6,C,0
1654,W90,2022-01-27T15:39:56,499,C,413
1655,W91,2022-01-27T15:39:56,414,C,318
1656,DRM1,2022-01-27T15:39:45,448,C,365
1657,DRM3,2022-01-27T15:39:46,285,C,224
1658,DRM4,2022-01-27T15:39:46,104,C,55
1659,DRM5,2022-01-27T15:39:46,84,C,24
1660,DRS,2022-01-27T15:39:45,1325,C,1278
1661,BJ20,2022-01-27T15:39:47,235,C,164
1662,BJ68,2022-01-27T15:39:47,253,C,163
1663,DRM2,2022-01-27T15:39:45,392,C,289
1664,TM51,2022-01-27T15:38:35,330,C,226
1665,W67,2022-01-27T15:36:57,246,C,198
1666,W717,2022-01-27T15:36:57,114,C,90
1667,SI13,2022-01-27T15:38:45,689,C,432
1668,Y63M,2022-01-27T15:39:36,356,C,223
1669,Y64M,2022-01-27T15:38:13,428,C,313
1670,A21,2022-01-27T15:39:51,633,C,439
1671,A29,2022-01-27T15:39:27,435,C,270
1672,A63,2022-01-27T15:39:33,715,C,502
1673,A88,2022-01-27T15:39:28,44,C,21
1674,SB10,2022-01-27T15:36:54,558,C,487
1675,SB11,2022-01-27T15:35:12,440,C,337
1676,SB13,2022-01-27T15:38:00,1259,C,1035
1677,SB12,2022-01-27T15:38:10,794,C,681
1678,W65,2022-01-27T15:39:23,360,C,231
1679,W66,2022-01-27T15:38:53,340,C,217
1680,T38,2022-01-27T15:38:35,974,C,612
1681,T39,2022-01-27T15:38:35,746,C,460
1682,TM41,2022-01-27T15:38:35,272,C,200
1683,W83,2022-01-27T15:39:27,448,C,351
1684,W84,2022-01-27T15:39:29,499,C,376
1685,CK18,2022-01-27T15:37:59,98,C,49
1686,SE51,2022-01-27T15:39:33,280,C,180
1687,HG33,2022-01-27T15:38:40,496,C,335
1688,A77,2022-01-27T15:39:28,267,C,161
1689,A78,2022-01-27T15:39:56,546,C,402
1690,SB7,2022-01-27T15:39:17,421,C,357
1691,SB8,2022-01-27T15:39:45,292,C,222
1692,SB9,2022-01-27T15:38:34,482,C,419
1693,W41,2022-01-27T15:38:51,251,C,154
1694,W55,2022-01-27T15:38:51,373,C,263
1695,Y29,2022-01-27T15:38:30,26,C,0
1696,BE34,2022-01-27T15:39:47,303,C,180
1697,BE35,2022-01-27T15:39:47,217,C,111
1698,Y65M,2022-01-27T15:38:46,496,C,385
1699,Y66M,2022-01-27T15:36:09,411,C,287
1700,BJ58,2022-01-27T15:38:03,850,C,731
1701,W98,2022-01-27T15:38:55,1494,C,1211
1702,W61,2022-01-27T15:39:46,1209,C,827
1703,TM47,2022-01-27T15:38:50,650,C,480
1704,T7A,2022-01-27T15:38:39,283,C,231
1705,B23M,2022-01-27T15:38:45,866,C,661
1706,A13,2022-01-27T15:39:30,199,C,109
1707,SH1,2022-01-27T15:39:37,607,C,344
1708,BJ50,2022-01-27T15:37:52,854,C,680
1709,BJ53,2022-01-27T15:37:59,1064,C,871
1710,BJ54,2022-01-27T15:38:02,625,C,520
1711,H93L,2022-01-27T15:38:18,38,C,9
1712,HG93,2022-01-27T15:38:25,899,C,668
1713,HG98,2022-01-27T15:38:15,304,C,184
1714,BJ61,2022-01-27T15:38:07,470,C,321
1715,CKM4,2022-01-27T15:37:52,537,C,391
1716,CK74,2022-01-27T15:37:58,855,C,611
1717,CK78,2022-01-27T15:37:57,1712,C,1468
1718,KJML,2022-01-27T15:38:58,5,C,0
1719,KRM,2022-01-27T15:14:32,173,C,151
1720,C29A,2022-01-27T15:39:51,99,C,34
1721,CLRG,2022-01-27T15:39:29,487,C,317
1722,CLTR,2022-01-27T15:39:29,890,C,690
1723,BE18,2022-01-27T15:39:35,560,C,307
1724,BE44,2022-01-27T15:39:35,424,C,286
1725,PDC5,2022-01-27T15:37:51,185,C,146
1726,PDP5,2022-01-12T15:05:16,140,C,114
1727,GM1M,2022-01-27T15:39:49,1530,C,1018
1728,CK1,2022-01-27T15:38:11,331,C,180
1729,PDR2,2022-01-27T15:37:50,222,C,125
1730,PDR6,2022-01-27T15:37:50,248,C,134
1731,Y14,2022-01-27T15:38:35,605,C,449
1732,SK1,2022-01-27T15:40:14,655,C,439
1733,SK8,2022-01-27T15:39:56,660,C,525
1734,SK61,2022-01-27T15:40:10,711,C,569
1735,BRM7,2022-01-27T15:39:36,360,C,262
1736,TPMR,2022-01-27T15:39:41,374,C,250
1737,Y1,2022-01-27T15:39:38,170,C,0
1738,Y2,2022-01-27T15:39:39,399,C,131
1739,Y54M,2022-01-27T15:39:46,434,C,242
1740,PDR7,2022-01-27T15:37:49,169,C,0
1741,PDS1,2022-01-27T15:38:01,346,C,177
1742,PDT8,2022-01-27T15:37:50,45,C,19
1743,PDW7,2022-01-27T15:37:52,171,C,48
1744,CCKC,2022-01-27T15:41:19,53,C,28
1745,UBM2,2022-01-27T15:38:40,485,C,355
1746,BL8L,2022-01-27T15:39:41,6,C,0
1747,Y30M,2022-01-27T15:39:30,321,C,174
1748,WCC,2022-01-27T15:41:28,190,C,12
1749,SB47,2022-01-27T15:41:45,182,C,148
1750,P73L,2022-01-27T15:38:45,3,C,0
1751,S116,2022-01-27T15:41:46,227,C,176
1752,DWSO,2022-01-27T15:31:54,613,C,559
1753,BKE3,2022-01-27T15:15:57,17,C,0
1754,BKE2,2022-01-27T15:15:57,17,C,0
1755,S114,2022-01-27T15:41:48,336,C,331
1756,DSR1,2022-01-27T15:29:02,852,C,823
1757,DSR2,2022-01-27T15:29:02,616,C,600
1758,DSRL,2022-01-27T15:30:02,100,C,0
1759,DSRL,2022-01-27T15:20:02,50,H,0
1760,BJ69,2022-01-27T15:40:15,500,C,500
1761,TPMQ,2022-01-27T15:39:51,662,C,461
1762,SK82,2022-01-27T15:39:53,67,C,31
1763,SK84,2022-01-27T15:39:53,608,C,424
1764,S103,2022-01-27T15:36:52,361,C,262
1765,SK76,2022-01-27T15:39:59,322,C,215
1766,SK79,2022-01-27T15:39:59,248,C,163
1767,KAS,2022-01-27T15:39:45,26,C,0
1768,SLS,2022-01-27T15:39:45,79,C,0
1769,U60,2022-01-27T15:38:40,558,C,365
1770,U58,2022-01-27T15:38:58,850,C,564
1771,TW4,2022-01-27T15:37:58,266,C,84
1772,BE19,2022-01-27T15:39:29,380,C,184
1773,BE22,2022-01-27T15:39:30,8,C,0
1774,PL71,2022-01-27T15:39:00,731,C,488
1775,S107,2022-01-27T15:38:46,404,C,247
1776,U55,2022-01-27T15:38:59,350,C,170
1777,W96,2022-01-27T15:39:23,756,C,625
1778,W25,2022-01-27T15:39:49,450,C,211
1779,Y45,2022-01-27T15:39:22,200,C,127
1780,Y46,2022-01-27T15:39:22,556,C,335
1781,J47,2022-01-27T15:39:58,34,C,0
1782,AM43,2022-01-27T15:39:51,465,C,320
1783,BJ4,2022-01-27T15:38:03,752,C,86
1784,BJ8,2022-01-27T15:37:48,957,C,645
1785,CK66,2022-01-27T15:37:57,164,C,87
1786,J35,2022-01-27T15:39:51,165,C,74
1787,CKM5,2022-01-27T15:37:57,2754,C,2546
1788,CKM6,2022-01-27T15:37:48,935,C,789
1789,GM6A,2022-01-27T15:39:47,167,C,95
1790,SB41,2022-01-27T15:39:54,464,C,338
1791,W785,2022-01-27T15:39:38,492,C,343
1792,CK72,2022-01-27T15:38:13,680,C,493
1793,U56,2022-01-27T15:38:58,1004,C,636
1794,S109,2022-01-27T15:39:02,467,C,351
1795,S110,2022-01-27T15:38:49,303,C,235
1796,BTM3,2022-01-27T15:39:36,360,C,150
1797,U57,2022-01-27T15:38:50,1070,C,719
1798,CKM3,2022-01-27T15:38:17,456,C,323
1799,W783,2022-01-27T15:39:52,390,C,281
1800,TGM4,2022-01-27T15:39:56,388,C,273
1801,Y69M,2022-01-27T15:39:55,350,C,246
1802,Y70M,2022-01-27T15:39:30,1248,C,906
1803,Y71M,2022-01-27T15:39:54,423,C,325
1804,SE9,2022-01-27T15:39:30,470,C,318
1805,BJ60,2022-01-27T15:37:49,920,C,695
1806,C15M,2022-01-27T15:39:28,289,C,198
1807,HG3B,2022-01-27T15:38:35,422,C,300
1808,HG3D,2022-01-27T15:39:00,263,C,180
1809,CK9A,2022-01-27T15:37:54,372,C,251
1810,SGTM,2022-01-27T15:39:29,429,C,250
1811,TPL,2022-01-27T15:39:49,18,C,0
1812,J5,2022-01-27T15:39:46,192,C,147
1813,S108,2022-01-27T15:40:23,889,C,607
1814,SK98,2022-01-27T15:40:15,815,C,497
1815,S106,2022-01-27T15:37:37,474,C,374
1816,BJ57,2022-01-27T15:40:14,24,C,9
1817,S104,2022-01-27T15:39:22,333,C,219
1818,S105,2022-01-27T15:39:05,361,C,264
1819,SK99,2022-01-27T15:39:49,699,C,484
1820,BM10,2022-01-27T15:39:28,2000,C,1811
1821,BM13,2022-01-27T15:39:28,117,C,39
1822,PL75,2022-01-27T15:38:42,538,C,339
1823,PL78,2022-01-27T15:38:47,483,C,292
1824,PL77,2022-01-27T15:38:55,362,C,217
1825,TJ41,2022-01-27T15:38:55,316,C,221
1826,J49M,2022-01-27T15:39:03,423,C,350
1827,TJ42,2022-01-27T15:38:18,126,C,99
1828,CK73,2022-01-27T15:39:48,501,C,381
1829,U64,2022-01-27T15:38:58,382,C,268
1830,W691,2022-01-27T15:39:34,333,C,235
1831,W693,2022-01-27T15:09:35,322,C,184
1832,W694,2022-01-27T15:09:36,313,C,242
1833,SB37,2022-01-27T15:39:44,719,C,506
1834,SB39,2022-01-27T15:39:52,273,C,198
1835,SB36,2022-01-27T15:39:40,279,C,186
1836,SB38,2022-01-27T15:39:54,666,C,521
1837,SB40,2022-01-27T15:39:27,263,C,194
1838,Y77L,2022-01-27T15:39:33,2,C,1
1839,Y77M,2022-01-27T15:39:33,423,C,296
1840,Y78M,2022-01-27T15:39:45,216,C,139
1841,A33,2022-01-27T15:39:47,2,C,0
1842,AM64,2022-01-27T15:39:52,552,C,421
1843,S100,2022-01-27T15:40:13,1063,C,716
1844,PL70,2022-01-27T15:38:44,869,C,628
1845,HG2A,2022-01-27T15:38:40,400,C,257
1846,HG2C,2022-01-27T15:38:41,471,C,356
1847,HRM,2022-01-27T15:39:30,751,C,559
1848,MM6,2022-01-27T15:39:21,413,C,290
1849,TM52,2022-01-27T15:38:37,446,C,344
1850,HG2D,2022-01-27T15:38:37,32,C,16
1851,J44,2022-01-27T15:39:24,200,C,129
1852,U66,2022-01-27T15:38:56,452,C,339
1853,U65,2022-01-27T15:38:56,391,C,250
1854,W182,2022-01-27T15:39:00,425,C,316
1855,W185,2022-01-27T15:39:00,540,C,405
1856,Y73M,2022-01-27T15:39:26,762,C,543
1857,Y74M,2022-01-27T15:39:27,379,C,298
1858,Y75M,2019-03-08T15:56:34,379,C,327
1859,Y76M,2022-01-27T15:39:27,421,C,282
1860,SB42,2022-01-27T15:39:29,395,C,290
1861,S36L,2022-01-27T15:39:40,3,C,1
1862,S38L,2022-01-27T15:39:54,8,C,3
1863,S40L,2022-01-27T15:39:27,4,C,2
1864,N0012,2019-03-25T16:41:32,85,C,0
1865,U63,2022-01-27T15:38:01,83,C,28
1866,B44B,2022-01-27T15:38:55,98,C,72
1867,C28M,2022-01-27T15:39:56,305,C,231
1868,TWM4,2022-01-27T15:37:51,200,C,145
1869,U54,2022-01-27T15:40:06,235,C,201
1870,J8M,2022-01-27T15:35:34,139,C,122
1871,Y35,2022-01-27T15:41:50,402,C,238
1872,W100,2022-01-27T15:42:00,282,C,127
1873,W546,2022-01-27T15:41:44,631,C,493
1874,BA1,2022-01-27T15:15:51,278,C,152
1875,U68,2022-01-27T15:38:04,258,C,183
1876,SB35,2022-01-27T15:39:47,549,C,409
1877,J29,2022-01-27T15:39:38,467,C,265
1878,J74M,2022-01-27T15:40:31,72,C,41
1879,NT3,2022-01-27T15:39:02,768,C,498
1880,TM53,2022-01-27T15:38:36,333,C,277
1881,T47,2022-01-27T15:38:38,544,C,251
1882,T47A,2022-01-27T15:38:41,171,C,129
1883,TBL,2022-01-27T15:39:45,1000,C,995
1884,TBM8,2022-01-27T15:39:45,960,C,604
1885,C3ML,2022-01-27T15:31:42,10,Y,6
1886,BA2,2022-01-27T15:16:47,361,C,232
1887,K52,2022-01-27T15:38:50,102,C,66
1888,W574,2022-01-27T15:39:51,488,C,309
1889,SE52,2022-01-27T15:39:27,21,C,17
1890,S111,2022-01-27T15:41:56,964,C,770
1891,SK52,2022-01-27T15:42:01,770,C,555
1892,TM46,2022-01-27T15:38:49,758,C,533
1893,NT1,2022-01-27T15:38:49,460,C,325
1894,NT2,2022-01-27T15:39:02,590,C,411
1895,NTL,2022-01-27T15:39:01,27,C,0
1896,JS3L,2022-01-27T15:40:14,1991,C,1953
1897,SB44,2022-01-27T15:42:01,505,C,360
1898,NT4,2022-01-27T15:38:56,515,C,363
1899,DWVT,2022-01-27T15:39:53,318,C,239
1900,SE5L,2022-01-27T15:15:18,59,C,30
1901,HG18,2022-01-27T15:38:36,226,C,138
1902,P12,2022-01-27T15:39:35,124,C,101
1903,BA3,2022-01-27T15:16:50,622,C,359
1904,SK97,2022-01-27T15:38:53,44,C,21
1905,S113,2022-01-27T15:38:58,414,C,309
1906,S13L,2022-01-27T15:38:57,10,C,5
1907,S14L,2022-01-27T15:38:46,6,C,1
1908,B10M,2022-01-27T15:38:36,303,C,294
1909,PDQ5,2022-01-27T15:41:22,135,C,49
1910,SAM,2022-01-27T15:41:16,250,C,161
1911,PD8W,2022-01-27T15:40:59,290,C,240
1912,PDC4,2022-01-27T15:41:00,178,C,136
1913,PDJ3,2022-01-27T15:41:17,212,C,47
1914,PDJ7,2022-01-27T15:41:03,316,C,183
1915,PDP4,2022-01-27T15:41:09,167,C,78
1916,PDW5,2022-01-27T15:41:00,270,C,146
1917,PDW8,2022-01-27T15:41:09,390,C,311
1918,JS4L,2022-01-27T15:40:24,12,C,5
1919,SB45,2022-01-27T15:42:00,416,C,291
1920,SB46,2022-01-27T15:42:12,443,C,319
1921,C19M,2022-01-27T15:24:31,84,Y,71
1922,B98,2022-01-27T15:38:45,465,C,338
1923,U70,2022-01-27T15:40:30,805,C,678
1924,SB43,2022-01-27T15:41:54,202,C,134
1925,Q41,2022-01-27T15:39:53,90,C,44
1926,SK53,2022-01-27T15:41:49,770,C,553
1927,CKT2,2022-01-27T15:38:31,81,C,42
1928,TM54,2022-01-27T15:38:55,257,C,181
1929,JS5L,2022-01-27T15:40:28,30,C,4
1930,TEST,2014-03-24T11:37:16,71,C,69
1931,TRM,2022-01-27T15:32:03,77,Y,54
1932,S39L,2022-01-27T15:15:36,5,C,0
1933,HG3L,2022-01-27T15:39:03,716,C,472
1934,HG3E,2022-01-27T15:38:43,282,C,210
1935,HG1,2022-01-27T15:39:01,119,C,41
1936,AM14,2022-01-27T15:16:40,350,C,228
1937,CR1A,2022-01-27T15:15:42,22,C,2
1938,CR1B,2022-01-27T15:15:42,20,C,0
1939,U69,2022-01-27T15:40:19,389,C,288
1940,B48B,2022-01-27T15:39:00,63,C,43
1941,TM55,2022-01-27T15:38:41,290,C,207
1942,T58,2022-01-27T15:38:39,64,C,15
1943,HG1E,2022-01-27T15:37:00,300,C,225
1944,BJ1L,2020-12-11T23:33:04,0,C,0
1945,BJAL,2022-01-27T15:40:06,38,C,18
1946,DWSP,2022-01-27T15:25:08,406,C,200
1947,Y82M,2022-01-27T15:42:08,341,C,249
1948,BJBL,2022-01-27T15:40:27,13,C,5
1949,PDL2,2022-01-27T15:37:57,278,C,85
1950,NT5,2022-01-27T15:38:42,1469,C,1137
1951,A61,2022-01-27T15:39:50,1129,C,658
1952,Y38,2022-01-27T15:41:49,648,C,364
1953,BA4,2022-01-27T15:16:45,619,C,275
1954,JS1L,2022-01-27T15:40:15,10,C,0
1955,A26,2022-01-27T15:16:52,333,C,244
1956,B65M,2022-01-27T15:38:58,665,C,492
1957,B65L,2022-01-27T15:38:58,6,C,0
1958,BE3,2022-01-27T15:16:47,306,C,171
1959,BE3R,2022-01-27T15:16:47,195,C,135
1960,B8B,2022-01-27T15:38:54,229,C,160
